customer_id,collector_id,status,outstanding_balance,invoices_status,due_date,cust_lat,cust_lon,branch_lat,branch_lon
1001,7,Active,14000.0,Paid,2026-10-09,7.002074,125.587023,7.0644,125.6086
1002,1,Active,98500.0,Unpaid,2026-08-15,7.057925,125.654032,7.0644,125.6086
1003,4,Active,65000.0,Unpaid,2026-06-12,7.113386,125.549971,7.0644,125.6086
1004,6,Active,70000.0,Paid,2026-06-17,7.088276,125.6235,7.0644,125.6086
1005,9,Active,91000.0,Partial,2026-07-09,7.06965,125.59722,7.0644,125.6086
1006,4,Active,0.0,Unpaid,2026-06-15,7.069501,125.627404,7.0644,125.6086
1007,1,Active,67500.0,Partial,2026-09-15,7.117977,125.631149,7.0644,125.6086
1008,7,Active,9500.0,Partial,2026-08-22,7.097093,125.587774,7.0644,125.6086
1009,3,Active,15000.0,Unpaid,2026-08-04,7.119521,125.600751,7.0644,125.6086
1010,1,Active,98000.0,Paid,2026-09-08,7.055022,125.578571,7.0644,125.6086
1011,7,Active,29000.0,Unpaid,2026-06-28,7.116922,125.587429,7.0644,125.6086
1012,9,Active,11000.0,Partial,2026-06-01,7.110254,125.627547,7.0644,125.6086
1013,6,Active,46000.0,Paid,2026-07-17,7.049626,125.637995,7.0644,125.6086
1014,10,Inactive,51000.0,Unpaid,2026-08-24,7.076845,125.579581,7.0644,125.6086
1015,7,Inactive,9500.0,Paid,2026-06-23,7.045143,125.645447,7.0644,125.6086
1016,2,Active,46000.0,Paid,2026-06-01,7.077899,125.627974,7.0644,125.6086
1017,2,Active,20000.0,Unpaid,2026-07-02,7.033408,125.636747,7.0644,125.6086
1018,9,Inactive,16000.0,Paid,2026-07-12,7.072733,125.552027,7.0644,125.6086
1019,10,Active,96500.0,Partial,2026-09-16,7.074009,125.666024,7.0644,125.6086
1020,10,Active,93000.0,Unpaid,2026-09-20,7.076248,125.60127,7.0644,125.6086
1021,2,Active,58000.0,Partial,2026-09-17,7.01435,125.601136,7.0644,125.6086
1022,3,Active,51000.0,Partial,2026-10-09,7.127594,125.676404,7.0644,125.6086
1023,9,Active,95500.0,Paid,2026-09-13,7.062667,125.549371,7.0644,125.6086
1024,8,Active,40000.0,Paid,2026-07-14,7.058207,125.585986,7.0644,125.6086
1025,8,Active,55000.0,Paid,2026-06-10,7.072524,125.600035,7.0644,125.6086
1026,1,Active,18000.0,Unpaid,2026-07-29,7.025152,125.604319,7.0644,125.6086
1027,6,Active,79000.0,Unpaid,2026-09-17,7.138047,125.550524,7.0644,125.6086
1028,9,Active,85000.0,Unpaid,2026-08-28,7.11592,125.590754,7.0644,125.6086
1029,3,Active,20500.0,Partial,2026-09-11,7.085369,125.612008,7.0644,125.6086
1030,9,Active,92000.0,Paid,2026-09-15,7.046059,125.624197,7.0644,125.6086
1031,10,Active,84500.0,Unpaid,2026-08-18,7.048534,125.561581,7.0644,125.6086
1032,7,Active,19500.0,Paid,2026-10-08,7.051894,125.592042,7.0644,125.6086
1033,8,Active,42500.0,Partial,2026-08-10,7.008416,125.632052,7.0644,125.6086
1034,6,Active,22000.0,Unpaid,2026-09-09,7.020238,125.618173,7.0644,125.6086
1035,10,Active,2000.0,Partial,2026-10-05,7.06973,125.629295,7.0644,125.6086
1036,4,Active,98000.0,Unpaid,2026-07-21,7.022503,125.609141,7.0644,125.6086
1037,7,Active,39000.0,Paid,2026-07-26,7.075665,125.63898,7.0644,125.6086
1038,6,Active,52000.0,Paid,2026-09-17,7.100033,125.605006,7.0644,125.6086
1039,2,Active,59500.0,Unpaid,2026-06-29,7.091775,125.676998,7.0644,125.6086
1040,9,Active,2000.0,Unpaid,2026-07-27,7.081871,125.58538,7.0644,125.6086
1041,7,Active,84500.0,Unpaid,2026-06-17,7.065486,125.608056,7.0644,125.6086
1042,10,Inactive,79500.0,Unpaid,2026-07-28,7.026619,125.6093,7.0644,125.6086
1043,1,Active,46500.0,Unpaid,2026-07-04,7.048166,125.601222,7.0644,125.6086
1044,3,Active,82000.0,Unpaid,2026-10-03,7.124126,125.583262,7.0644,125.6086
1045,10,Active,13000.0,Unpaid,2026-08-21,7.071758,125.675082,7.0644,125.6086
1046,6,Active,71000.0,Unpaid,2026-10-11,7.136909,125.499648,7.0644,125.6086
1047,10,Active,94000.0,Unpaid,2026-07-24,7.086243,125.661987,7.0644,125.6086
1048,7,Active,50500.0,Unpaid,2026-10-12,7.093835,125.628799,7.0644,125.6086
1049,6,Active,24000.0,Unpaid,2026-10-05,7.084836,125.660222,7.0644,125.6086
1050,2,Active,69500.0,Unpaid,2026-06-13,7.041301,125.61056,7.0644,125.6086
1051,10,Active,37500.0,Paid,2026-07-21,7.084046,125.527099,7.0644,125.6086
1052,7,Active,49500.0,Partial,2026-06-07,7.07459,125.670175,7.0644,125.6086
1053,9,Active,6000.0,Partial,2026-06-19,7.146393,125.653637,7.0644,125.6086
1054,4,Inactive,58000.0,Unpaid,2026-08-21,7.094317,125.624002,7.0644,125.6086
1055,7,Active,57500.0,Unpaid,2026-08-22,7.115026,125.568349,7.0644,125.6086
1056,7,Inactive,53500.0,Paid,2026-09-11,6.999005,125.605848,7.0644,125.6086
1057,2,Active,5000.0,Unpaid,2026-09-28,7.084084,125.629356,7.0644,125.6086
1058,10,Active,12000.0,Partial,2026-09-23,7.014392,125.576915,7.0644,125.6086
1059,7,Active,1000.0,Paid,2026-09-11,7.046384,125.646237,7.0644,125.6086
1060,2,Active,82500.0,Partial,2026-08-05,7.053705,125.589527,7.0644,125.6086
1061,4,Active,83000.0,Partial,2026-08-25,7.052525,125.6273,7.0644,125.6086
1062,2,Active,43500.0,Partial,2026-06-05,7.087001,125.573923,7.0644,125.6086
1063,7,Active,22000.0,Unpaid,2026-06-14,7.096673,125.646991,7.0644,125.6086
1064,5,Active,70000.0,Unpaid,2026-10-04,7.060428,125.605666,7.0644,125.6086
1065,10,Active,32500.0,Unpaid,2026-05-31,7.052847,125.602421,7.0644,125.6086
1066,7,Active,27000.0,Unpaid,2026-06-01,7.015925,125.630387,7.0644,125.6086
1067,8,Active,43500.0,Unpaid,2026-09-24,7.065083,125.625202,7.0644,125.6086
1068,3,Active,60000.0,Unpaid,2026-07-09,7.060387,125.611818,7.0644,125.6086
1069,2,Active,46000.0,Unpaid,2026-09-07,7.077339,125.587525,7.0644,125.6086
1070,1,Active,80000.0,Partial,2026-08-25,7.023685,125.564437,7.0644,125.6086
1071,10,Active,31000.0,Unpaid,2026-07-18,7.110088,125.615678,7.0644,125.6086
1072,10,Active,71500.0,Partial,2026-07-24,7.071178,125.561098,7.0644,125.6086
1073,10,Active,500.0,Paid,2026-09-24,7.02125,125.635985,7.0644,125.6086
1074,7,Active,67000.0,Unpaid,2026-08-07,7.07995,125.595496,7.0644,125.6086
1075,7,Active,80500.0,Unpaid,2026-09-13,7.111701,125.607375,7.0644,125.6086
1076,9,Active,54000.0,Unpaid,2026-06-18,7.100919,125.628295,7.0644,125.6086
1077,3,Active,46000.0,Partial,2026-08-01,7.012988,125.551666,7.0644,125.6086
1078,8,Inactive,7000.0,Partial,2026-09-05,7.064115,125.589672,7.0644,125.6086
1079,7,Active,1000.0,Partial,2026-08-26,7.038707,125.624463,7.0644,125.6086
1080,6,Active,22000.0,Unpaid,2026-07-31,7.100847,125.628999,7.0644,125.6086
1081,2,Active,29000.0,Unpaid,2026-06-18,7.019143,125.638891,7.0644,125.6086
1082,3,Active,57500.0,Unpaid,2026-06-26,7.043212,125.651641,7.0644,125.6086
1083,10,Active,5000.0,Unpaid,2026-10-13,7.041793,125.555343,7.0644,125.6086
1084,10,Active,83000.0,Unpaid,2026-07-30,7.074701,125.607682,7.0644,125.6086
1085,5,Active,40000.0,Partial,2026-09-16,7.059264,125.654453,7.0644,125.6086
1086,4,Active,8000.0,Paid,2026-06-14,7.036738,125.637608,7.0644,125.6086
1087,7,Active,0.0,Unpaid,2026-07-15,7.115587,125.604576,7.0644,125.6086
1088,4,Active,13000.0,Unpaid,2026-09-26,7.079041,125.561351,7.0644,125.6086
1089,5,Active,43500.0,Unpaid,2026-07-06,7.160359,125.610938,7.0644,125.6086
1090,6,Active,26000.0,Unpaid,2026-07-09,7.103875,125.612917,7.0644,125.6086
1091,6,Active,82000.0,Unpaid,2026-09-12,7.074713,125.6118,7.0644,125.6086
1092,8,Active,39500.0,Unpaid,2026-06-17,7.121591,125.588222,7.0644,125.6086
1093,7,Active,25000.0,Partial,2026-09-03,7.02466,125.587582,7.0644,125.6086
1094,4,Active,30500.0,Partial,2026-07-02,7.060407,125.575686,7.0644,125.6086
1095,1,Active,36000.0,Partial,2026-07-18,7.021632,125.617514,7.0644,125.6086
1096,7,Active,0.0,Paid,2026-08-19,7.056459,125.579029,7.0644,125.6086
1097,10,Active,16000.0,Unpaid,2026-06-10,7.066093,125.664346,7.0644,125.6086
1098,3,Active,62000.0,Unpaid,2026-06-26,7.047322,125.597969,7.0644,125.6086
1099,4,Active,98000.0,Unpaid,2026-07-22,7.091572,125.622196,7.0644,125.6086
1100,2,Active,55000.0,Paid,2026-06-28,7.045356,125.554303,7.0644,125.6086
1101,7,Active,35500.0,Partial,2026-08-24,7.060548,125.56722,7.0644,125.6086
1102,6,Active,97000.0,Unpaid,2026-10-02,7.077085,125.616876,7.0644,125.6086
1103,6,Inactive,70000.0,Partial,2026-07-16,7.009935,125.599471,7.0644,125.6086
1104,7,Inactive,7500.0,Unpaid,2026-09-09,7.050417,125.568209,7.0644,125.6086
1105,1,Active,74000.0,Partial,2026-07-04,7.033014,125.583219,7.0644,125.6086
1106,1,Active,79000.0,Paid,2026-09-19,6.981133,125.532544,7.0644,125.6086
1107,2,Active,45500.0,Paid,2026-08-09,7.023601,125.580077,7.0644,125.6086
1108,7,Active,37000.0,Partial,2026-09-18,6.99627,125.5911,7.0644,125.6086
1109,7,Active,46000.0,Unpaid,2026-08-02,7.041331,125.588892,7.0644,125.6086
1110,3,Active,18000.0,Partial,2026-08-01,7.121301,125.616044,7.0644,125.6086
1111,4,Active,27500.0,Partial,2026-09-21,7.131829,125.659807,7.0644,125.6086
1112,2,Active,93500.0,Unpaid,2026-09-17,7.106135,125.534591,7.0644,125.6086
1113,4,Active,97500.0,Unpaid,2026-09-18,7.045839,125.633004,7.0644,125.6086
1114,2,Active,96000.0,Unpaid,2026-07-06,7.08981,125.611038,7.0644,125.6086
1115,10,Active,22500.0,Paid,2026-09-06,7.018164,125.611867,7.0644,125.6086
1116,5,Active,93000.0,Paid,2026-08-07,7.052384,125.653313,7.0644,125.6086
1117,8,Active,93000.0,Unpaid,2026-06-09,7.125996,125.601659,7.0644,125.6086
1118,10,Active,76000.0,Unpaid,2026-07-29,7.084062,125.628228,7.0644,125.6086
1119,1,Active,88000.0,Partial,2026-08-05,7.084529,125.638715,7.0644,125.6086
1120,7,Active,87000.0,Unpaid,2026-08-28,7.022025,125.634365,7.0644,125.6086
1121,10,Active,72000.0,Unpaid,2026-06-21,7.033597,125.578508,7.0644,125.6086
1122,9,Active,15000.0,Unpaid,2026-09-17,7.07971,125.624736,7.0644,125.6086
1123,3,Active,75500.0,Partial,2026-08-23,7.083775,125.559967,7.0644,125.6086
1124,2,Active,47500.0,Unpaid,2026-06-17,7.030161,125.568134,7.0644,125.6086
1125,5,Active,92000.0,Unpaid,2026-07-09,7.099217,125.640998,7.0644,125.6086
1126,9,Inactive,97500.0,Partial,2026-08-06,7.060299,125.603173,7.0644,125.6086
1127,2,Active,23000.0,Unpaid,2026-06-30,7.090601,125.627495,7.0644,125.6086
1128,2,Active,25000.0,Unpaid,2026-09-18,7.061956,125.594107,7.0644,125.6086
1129,4,Active,30500.0,Partial,2026-08-04,7.056656,125.526617,7.0644,125.6086
1130,3,Active,97500.0,Partial,2026-09-19,7.080115,125.574355,7.0644,125.6086
1131,10,Inactive,39500.0,Unpaid,2026-07-03,7.126448,125.536249,7.0644,125.6086
1132,5,Active,68000.0,Partial,2026-09-17,7.002452,125.617382,7.0644,125.6086
1133,10,Active,23500.0,Unpaid,2026-08-26,7.031094,125.617278,7.0644,125.6086
1134,8,Active,84500.0,Unpaid,2026-09-19,7.029091,125.607762,7.0644,125.6086
1135,6,Active,82500.0,Paid,2026-09-04,7.083891,125.598507,7.0644,125.6086
1136,1,Active,51500.0,Partial,2026-07-04,7.023922,125.64548,7.0644,125.6086
1137,3,Active,73000.0,Unpaid,2026-07-18,7.083824,125.641625,7.0644,125.6086
1138,10,Active,11000.0,Paid,2026-07-22,7.062647,125.605757,7.0644,125.6086
1139,8,Active,81000.0,Unpaid,2026-08-12,7.081328,125.609272,7.0644,125.6086
1140,8,Active,75000.0,Partial,2026-09-14,7.098004,125.568397,7.0644,125.6086
1141,3,Active,37000.0,Unpaid,2026-06-09,7.034312,125.631212,7.0644,125.6086
1142,1,Active,80000.0,Unpaid,2026-06-28,7.088836,125.690513,7.0644,125.6086
1143,7,Active,76500.0,Unpaid,2026-07-08,7.102157,125.606191,7.0644,125.6086
1144,7,Active,75500.0,Partial,2026-08-10,7.096888,125.567622,7.0644,125.6086
1145,7,Active,32500.0,Unpaid,2026-09-08,7.0197,125.638277,7.0644,125.6086
1146,5,Active,92000.0,Unpaid,2026-09-16,7.063048,125.655999,7.0644,125.6086
1147,10,Active,38000.0,Paid,2026-07-17,7.064719,125.588981,7.0644,125.6086
1148,7,Active,81000.0,Unpaid,2026-06-20,7.10692,125.622705,7.0644,125.6086
1149,6,Active,12500.0,Unpaid,2026-09-16,7.056166,125.623174,7.0644,125.6086
1150,5,Active,53000.0,Unpaid,2026-06-05,7.064228,125.640328,7.0644,125.6086
1151,5,Active,42500.0,Unpaid,2026-07-28,7.119111,125.602259,7.0644,125.6086
1152,9,Active,7500.0,Paid,2026-08-10,7.049078,125.61282,7.0644,125.6086
1153,1,Active,87000.0,Unpaid,2026-05-31,7.102655,125.575139,7.0644,125.6086
1154,9,Active,26500.0,Paid,2026-08-29,7.031946,125.566319,7.0644,125.6086
1155,10,Active,9000.0,Unpaid,2026-08-08,7.01967,125.589898,7.0644,125.6086
1156,1,Active,26500.0,Partial,2026-06-28,7.123352,125.550332,7.0644,125.6086
1157,7,Active,71000.0,Unpaid,2026-07-14,7.079006,125.621377,7.0644,125.6086
1158,1,Active,69000.0,Unpaid,2026-06-10,7.12628,125.664453,7.0644,125.6086
1159,4,Active,65500.0,Partial,2026-06-27,7.058748,125.619567,7.0644,125.6086
1160,7,Active,20000.0,Partial,2026-06-25,7.032502,125.604624,7.0644,125.6086
1161,10,Active,94500.0,Unpaid,2026-10-13,7.119029,125.58816,7.0644,125.6086
1162,9,Active,7500.0,Paid,2026-09-20,7.037358,125.58106,7.0644,125.6086
1163,7,Active,10000.0,Unpaid,2026-06-18,7.068571,125.653487,7.0644,125.6086
1164,4,Active,66500.0,Partial,2026-10-04,7.003757,125.615401,7.0644,125.6086
1165,4,Inactive,6000.0,Partial,2026-07-07,7.069658,125.633272,7.0644,125.6086
1166,10,Active,91000.0,Partial,2026-09-28,7.03351,125.586813,7.0644,125.6086
1167,1,Active,80000.0,Unpaid,2026-09-25,7.057015,125.545526,7.0644,125.6086
1168,5,Active,91500.0,Partial,2026-09-24,7.057685,125.66933,7.0644,125.6086
1169,7,Inactive,64000.0,Paid,2026-08-14,7.10497,125.580506,7.0644,125.6086
1170,7,Active,65000.0,Unpaid,2026-10-03,7.047861,125.633319,7.0644,125.6086
1171,7,Active,63000.0,Unpaid,2026-08-22,7.069402,125.600804,7.0644,125.6086
1172,6,Active,7500.0,Unpaid,2026-06-04,7.068646,125.615024,7.0644,125.6086
1173,7,Active,34000.0,Unpaid,2026-09-26,7.048243,125.627223,7.0644,125.6086
1174,10,Active,11500.0,Paid,2026-06-23,7.101216,125.642408,7.0644,125.6086
1175,8,Active,36000.0,Partial,2026-07-07,7.070218,125.608972,7.0644,125.6086
1176,2,Active,69500.0,Unpaid,2026-10-03,7.032483,125.600887,7.0644,125.6086
1177,10,Active,8500.0,Unpaid,2026-09-03,7.013779,125.619028,7.0644,125.6086
1178,8,Active,27500.0,Unpaid,2026-10-04,7.030366,125.594149,7.0644,125.6086
1179,4,Active,77000.0,Unpaid,2026-07-29,7.079756,125.597999,7.0644,125.6086
1180,9,Active,34000.0,Partial,2026-09-02,7.092719,125.590262,7.0644,125.6086
1181,8,Active,60000.0,Unpaid,2026-09-12,7.074718,125.635335,7.0644,125.6086
1182,3,Active,15500.0,Partial,2026-10-08,7.065431,125.652866,7.0644,125.6086
1183,3,Active,27000.0,Unpaid,2026-08-27,7.052656,125.600203,7.0644,125.6086
1184,10,Inactive,9000.0,Unpaid,2026-06-11,7.03975,125.656029,7.0644,125.6086
1185,7,Active,57000.0,Partial,2026-08-29,7.086858,125.608674,7.0644,125.6086
1186,9,Active,38500.0,Unpaid,2026-06-16,7.059875,125.569978,7.0644,125.6086
1187,5,Active,98500.0,Unpaid,2026-07-26,7.059758,125.607751,7.0644,125.6086
1188,2,Active,45000.0,Unpaid,2026-08-28,7.02682,125.590698,7.0644,125.6086
1189,1,Active,32500.0,Partial,2026-07-28,7.017845,125.647439,7.0644,125.6086
1190,7,Active,25500.0,Paid,2026-08-17,7.126548,125.631755,7.0644,125.6086
1191,6,Active,78000.0,Paid,2026-08-26,7.069865,125.630536,7.0644,125.6086
1192,10,Active,26500.0,Paid,2026-08-27,7.09145,125.553946,7.0644,125.6086
1193,7,Active,34000.0,Paid,2026-07-21,7.001408,125.63096,7.0644,125.6086
1194,10,Active,13500.0,Partial,2026-09-25,7.08177,125.595333,7.0644,125.6086
1195,4,Active,8000.0,Unpaid,2026-06-11,7.03501,125.626277,7.0644,125.6086
1196,7,Active,96000.0,Unpaid,2026-10-02,7.081293,125.604664,7.0644,125.6086
1197,4,Inactive,79500.0,Unpaid,2026-10-02,7.117126,125.587171,7.0644,125.6086
1198,8,Inactive,72500.0,Partial,2026-09-10,7.144019,125.614751,7.0644,125.6086
1199,2,Active,13500.0,Unpaid,2026-09-19,7.111604,125.597001,7.0644,125.6086
1200,8,Active,30500.0,Partial,2026-07-19,7.083032,125.650841,7.0644,125.6086
1201,7,Active,2500.0,Unpaid,2026-09-21,7.033609,125.598519,7.0644,125.6086
1202,10,Active,71500.0,Partial,2026-09-13,7.058205,125.605176,7.0644,125.6086
1203,3,Active,6000.0,Partial,2026-09-02,7.028564,125.599364,7.0644,125.6086
1204,7,Active,21000.0,Unpaid,2026-07-11,7.068031,125.601435,7.0644,125.6086
1205,1,Active,9500.0,Unpaid,2026-06-17,7.028334,125.596379,7.0644,125.6086
1206,7,Active,77500.0,Unpaid,2026-06-24,7.118717,125.584806,7.0644,125.6086
1207,5,Active,13500.0,Unpaid,2026-08-23,7.037683,125.594578,7.0644,125.6086
1208,9,Active,62000.0,Paid,2026-07-15,7.073296,125.560796,7.0644,125.6086
1209,8,Active,83500.0,Partial,2026-06-14,7.072789,125.589561,7.0644,125.6086
1210,8,Inactive,29000.0,Unpaid,2026-06-24,7.028643,125.616009,7.0644,125.6086
1211,5,Active,15500.0,Unpaid,2026-09-07,7.118616,125.607841,7.0644,125.6086
1212,2,Active,75000.0,Unpaid,2026-07-02,7.087407,125.592452,7.0644,125.6086
1213,4,Active,28500.0,Unpaid,2026-06-10,7.075457,125.538687,7.0644,125.6086
1214,6,Active,73500.0,Unpaid,2026-09-11,7.107868,125.588547,7.0644,125.6086
1215,5,Active,43000.0,Paid,2026-07-20,7.089177,125.582896,7.0644,125.6086
1216,3,Active,28000.0,Partial,2026-08-11,7.093599,125.561564,7.0644,125.6086
1217,5,Active,0.0,Unpaid,2026-07-08,7.102223,125.579085,7.0644,125.6086
1218,3,Active,98000.0,Partial,2026-07-05,7.015615,125.667187,7.0644,125.6086
1219,2,Active,47000.0,Unpaid,2026-06-08,7.031529,125.645929,7.0644,125.6086
1220,5,Active,78000.0,Partial,2026-08-21,7.12106,125.630247,7.0644,125.6086
1221,1,Active,78500.0,Paid,2026-08-23,7.062267,125.578196,7.0644,125.6086
1222,9,Active,16000.0,Unpaid,2026-09-16,7.045492,125.606645,7.0644,125.6086
1223,6,Active,82000.0,Partial,2026-06-27,7.092577,125.655829,7.0644,125.6086
1224,10,Active,48500.0,Unpaid,2026-08-08,7.076194,125.59319,7.0644,125.6086
1225,5,Inactive,38000.0,Paid,2026-06-18,7.073912,125.595708,7.0644,125.6086
1226,2,Active,67000.0,Unpaid,2026-07-01,7.049009,125.5359,7.0644,125.6086
1227,2,Active,41500.0,Unpaid,2026-07-14,7.004776,125.570116,7.0644,125.6086
1228,10,Active,44000.0,Partial,2026-06-26,7.109396,125.661254,7.0644,125.6086
1229,4,Active,22500.0,Partial,2026-08-29,7.117192,125.636395,7.0644,125.6086
1230,7,Active,52000.0,Unpaid,2026-09-23,7.009268,125.543424,7.0644,125.6086
1231,5,Active,80500.0,Unpaid,2026-07-08,7.091017,125.555416,7.0644,125.6086
1232,10,Inactive,79500.0,Unpaid,2026-06-09,7.085002,125.566393,7.0644,125.6086
1233,7,Active,22500.0,Unpaid,2026-06-21,7.095003,125.551043,7.0644,125.6086
1234,4,Active,70500.0,Paid,2026-08-20,7.118471,125.57952,7.0644,125.6086
1235,7,Active,50500.0,Unpaid,2026-09-07,7.056207,125.613183,7.0644,125.6086
1236,7,Active,46000.0,Unpaid,2026-08-28,7.045573,125.61503,7.0644,125.6086
1237,8,Active,500.0,Unpaid,2026-10-05,7.069964,125.574861,7.0644,125.6086
1238,8,Active,64500.0,Paid,2026-09-22,7.060967,125.647834,7.0644,125.6086
1239,10,Active,75000.0,Unpaid,2026-06-20,7.044187,125.694341,7.0644,125.6086
1240,9,Active,29500.0,Unpaid,2026-09-09,7.0644,125.6086,7.0644,125.6086
1241,7,Active,12500.0,Unpaid,2026-09-08,7.090824,125.576543,7.0644,125.6086
1242,5,Active,24000.0,Partial,2026-07-12,7.082349,125.594314,7.0644,125.6086
1243,5,Active,31000.0,Unpaid,2026-06-06,7.072406,125.573987,7.0644,125.6086
1244,10,Active,57000.0,Unpaid,2026-06-09,7.046306,125.602543,7.0644,125.6086
1245,2,Active,76500.0,Partial,2026-07-10,7.078842,125.57204,7.0644,125.6086
1246,4,Active,93500.0,Partial,2026-07-22,7.059523,125.556097,7.0644,125.6086
1247,4,Active,80000.0,Unpaid,2026-09-04,7.066144,125.58954,7.0644,125.6086
1248,3,Active,21000.0,Partial,2026-06-06,7.089901,125.55222,7.0644,125.6086
1249,7,Active,85000.0,Partial,2026-09-10,7.06346,125.638202,7.0644,125.6086
1250,9,Active,3500.0,Unpaid,2026-10-09,7.100898,125.611388,7.0644,125.6086
1251,10,Active,82000.0,Unpaid,2026-07-22,7.023281,125.61453,7.0644,125.6086
1252,2,Active,36000.0,Partial,2026-08-17,7.004652,125.537972,7.0644,125.6086
1253,7,Active,62500.0,Unpaid,2026-09-18,7.062622,125.608898,7.0644,125.6086
1254,6,Active,98000.0,Paid,2026-08-18,7.075788,125.557719,7.0644,125.6086
1255,3,Active,29000.0,Unpaid,2026-06-03,7.080648,125.613513,7.0644,125.6086
1256,3,Active,37000.0,Partial,2026-10-01,7.062982,125.634327,7.0644,125.6086
1257,9,Active,19500.0,Unpaid,2026-07-22,7.060587,125.618018,7.0644,125.6086
1258,8,Active,13000.0,Unpaid,2026-06-11,7.083656,125.640629,7.0644,125.6086
1259,1,Inactive,40500.0,Unpaid,2026-07-31,7.099687,125.565338,7.0644,125.6086
1260,3,Inactive,14500.0,Partial,2026-06-07,7.028294,125.55823,7.0644,125.6086
1261,10,Active,31000.0,Partial,2026-09-14,7.053283,125.635814,7.0644,125.6086
1262,2,Active,26000.0,Partial,2026-08-02,6.997119,125.559745,7.0644,125.6086
1263,7,Active,92000.0,Unpaid,2026-08-26,7.0644,125.6086,7.0644,125.6086
1264,3,Active,7000.0,Unpaid,2026-07-17,7.078919,125.599583,7.0644,125.6086
1265,1,Active,72000.0,Paid,2026-08-31,7.015452,125.607391,7.0644,125.6086
1266,10,Active,11500.0,Paid,2026-07-01,7.071697,125.689007,7.0644,125.6086
1267,6,Active,11500.0,Partial,2026-09-13,7.013528,125.588344,7.0644,125.6086
1268,4,Active,500.0,Partial,2026-06-26,7.077575,125.570956,7.0644,125.6086
1269,7,Active,82000.0,Paid,2026-08-25,7.101293,125.632842,7.0644,125.6086
1270,7,Active,77000.0,Paid,2026-07-25,7.042601,125.622548,7.0644,125.6086
1271,8,Active,38500.0,Paid,2026-09-27,7.04441,125.604467,7.0644,125.6086
1272,7,Active,10000.0,Unpaid,2026-06-02,7.089616,125.596733,7.0644,125.6086
1273,2,Active,21000.0,Unpaid,2026-07-22,7.056485,125.616706,7.0644,125.6086
1274,1,Active,11000.0,Unpaid,2026-08-26,7.109477,125.5906,7.0644,125.6086
1275,10,Active,87000.0,Unpaid,2026-09-06,7.06991,125.646847,7.0644,125.6086
1276,2,Active,23500.0,Unpaid,2026-06-11,7.071496,125.649199,7.0644,125.6086
1277,9,Active,54000.0,Unpaid,2026-09-13,7.019675,125.605975,7.0644,125.6086
1278,7,Active,56500.0,Unpaid,2026-06-09,7.091273,125.58718,7.0644,125.6086
1279,8,Inactive,57000.0,Unpaid,2026-07-01,7.049614,125.602983,7.0644,125.6086
1280,7,Inactive,1000.0,Partial,2026-06-24,7.038384,125.626446,7.0644,125.6086
1281,2,Active,77000.0,Unpaid,2026-08-06,7.024453,125.639081,7.0644,125.6086
1282,2,Active,56000.0,Partial,2026-07-15,7.044127,125.519828,7.0644,125.6086
1283,7,Active,44500.0,Unpaid,2026-09-18,7.06895,125.655395,7.0644,125.6086
1284,5,Active,0.0,Unpaid,2026-09-11,7.092137,125.58705,7.0644,125.6086
1285,10,Active,43500.0,Paid,2026-10-07,7.101194,125.565281,7.0644,125.6086
1286,4,Active,62000.0,Paid,2026-08-21,7.063038,125.654789,7.0644,125.6086
1287,7,Active,37000.0,Partial,2026-10-10,7.027186,125.642514,7.0644,125.6086
1288,7,Active,64500.0,Partial,2026-07-11,7.064953,125.552227,7.0644,125.6086
1289,2,Inactive,53000.0,Partial,2026-07-28,7.040208,125.604137,7.0644,125.6086
1290,10,Active,24000.0,Unpaid,2026-10-07,7.02575,125.603375,7.0644,125.6086
1291,9,Active,26500.0,Unpaid,2026-09-19,7.028311,125.568381,7.0644,125.6086
1292,10,Active,3000.0,Unpaid,2026-09-24,7.057714,125.6036,7.0644,125.6086
1293,2,Active,14000.0,Unpaid,2026-09-17,7.042164,125.678762,7.0644,125.6086
1294,10,Active,21000.0,Paid,2026-08-05,7.036779,125.663181,7.0644,125.6086
1295,6,Active,2000.0,Paid,2026-09-15,7.038974,125.644839,7.0644,125.6086
1296,4,Active,50500.0,Paid,2026-06-26,7.016355,125.607699,7.0644,125.6086
1297,9,Active,79000.0,Unpaid,2026-09-06,7.052093,125.5881,7.0644,125.6086
1298,10,Active,0.0,Unpaid,2026-05-31,7.073072,125.638457,7.0644,125.6086
1299,8,Active,50500.0,Paid,2026-08-03,7.155181,125.595609,7.0644,125.6086
1300,7,Active,59000.0,Unpaid,2026-07-12,7.043247,125.586494,7.0644,125.6086
1301,5,Active,77500.0,Unpaid,2026-08-31,7.030133,125.582162,7.0644,125.6086
1302,5,Active,91500.0,Partial,2026-10-07,7.125895,125.596821,7.0644,125.6086
1303,10,Active,36500.0,Unpaid,2026-10-01,7.116684,125.61174,7.0644,125.6086
1304,7,Active,72000.0,Partial,2026-07-21,7.090736,125.579475,7.0644,125.6086
1305,7,Active,28000.0,Unpaid,2026-09-27,7.004992,125.625302,7.0644,125.6086
1306,7,Active,24500.0,Paid,2026-06-21,7.092523,125.64152,7.0644,125.6086
1307,5,Active,60000.0,Unpaid,2026-09-10,7.025597,125.599292,7.0644,125.6086
1308,10,Active,73500.0,Unpaid,2026-08-23,7.058696,125.608938,7.0644,125.6086
1309,4,Active,73000.0,Unpaid,2026-06-05,7.004238,125.600184,7.0644,125.6086
1310,3,Active,38500.0,Paid,2026-07-25,7.017108,125.60246,7.0644,125.6086
1311,6,Inactive,0.0,Paid,2026-07-27,7.003725,125.595654,7.0644,125.6086
1312,4,Active,37500.0,Unpaid,2026-06-21,7.054322,125.586923,7.0644,125.6086
1313,2,Inactive,93500.0,Unpaid,2026-07-27,7.129019,125.578311,7.0644,125.6086
1314,7,Active,73000.0,Unpaid,2026-06-06,7.051555,125.627178,7.0644,125.6086
1315,9,Active,0.0,Unpaid,2026-08-06,7.098306,125.56356,7.0644,125.6086
1316,7,Active,62500.0,Unpaid,2026-10-01,7.030226,125.662365,7.0644,125.6086
1317,9,Active,0.0,Unpaid,2026-06-23,7.02141,125.621613,7.0644,125.6086
1318,7,Inactive,79000.0,Unpaid,2026-07-10,7.034557,125.632742,7.0644,125.6086
1319,7,Active,19000.0,Unpaid,2026-08-08,7.059399,125.631038,7.0644,125.6086
1320,7,Active,39500.0,Unpaid,2026-09-07,7.049617,125.566645,7.0644,125.6086
1321,1,Active,18500.0,Partial,2026-10-11,7.006804,125.616612,7.0644,125.6086
1322,2,Active,94500.0,Unpaid,2026-08-06,7.104022,125.645752,7.0644,125.6086
1323,10,Inactive,58000.0,Unpaid,2026-07-17,7.136196,125.563729,7.0644,125.6086
1324,7,Active,10500.0,Partial,2026-06-24,7.082291,125.583275,7.0644,125.6086
1325,9,Active,5000.0,Paid,2026-08-05,7.064842,125.564101,7.0644,125.6086
1326,1,Active,91000.0,Unpaid,2026-09-13,7.046362,125.633506,7.0644,125.6086
1327,2,Inactive,48500.0,Unpaid,2026-08-04,7.017943,125.568185,7.0644,125.6086
1328,9,Active,63000.0,Partial,2026-08-12,7.054202,125.618202,7.0644,125.6086
1329,10,Active,37500.0,Unpaid,2026-09-05,7.033061,125.683668,7.0644,125.6086
1330,4,Inactive,99500.0,Unpaid,2026-09-01,7.039888,125.62156,7.0644,125.6086
1331,4,Active,64500.0,Partial,2026-08-30,7.060313,125.645184,7.0644,125.6086
1332,1,Active,73500.0,Unpaid,2026-06-14,7.061007,125.571717,7.0644,125.6086
1333,5,Active,40500.0,Partial,2026-09-02,7.064582,125.644024,7.0644,125.6086
1334,7,Active,96000.0,Unpaid,2026-08-23,7.125787,125.620238,7.0644,125.6086
1335,4,Active,25000.0,Unpaid,2026-06-10,7.019837,125.564177,7.0644,125.6086
1336,10,Active,61500.0,Unpaid,2026-06-15,7.074189,125.556445,7.0644,125.6086
1337,3,Active,67000.0,Unpaid,2026-06-28,7.035562,125.576523,7.0644,125.6086
1338,7,Active,19000.0,Unpaid,2026-07-13,7.104878,125.660498,7.0644,125.6086
1339,9,Inactive,74500.0,Unpaid,2026-09-30,7.098906,125.570985,7.0644,125.6086
1340,10,Active,31500.0,Unpaid,2026-06-21,7.070745,125.585627,7.0644,125.6086
1341,6,Inactive,70500.0,Unpaid,2026-10-09,7.055976,125.53129,7.0644,125.6086
1342,5,Active,65000.0,Partial,2026-08-04,7.020628,125.616586,7.0644,125.6086
1343,1,Active,72500.0,Unpaid,2026-09-01,7.107099,125.676235,7.0644,125.6086
1344,3,Active,51500.0,Unpaid,2026-08-12,7.043471,125.573491,7.0644,125.6086
1345,9,Active,23000.0,Partial,2026-06-27,7.036081,125.591135,7.0644,125.6086
1346,7,Active,8000.0,Paid,2026-06-13,7.072285,125.672032,7.0644,125.6086
1347,7,Active,7000.0,Unpaid,2026-07-14,7.028495,125.572119,7.0644,125.6086
1348,7,Active,52500.0,Unpaid,2026-10-13,7.064059,125.580027,7.0644,125.6086
1349,3,Active,61500.0,Paid,2026-06-15,7.106283,125.591718,7.0644,125.6086
1350,7,Active,4000.0,Unpaid,2026-09-15,7.070431,125.582886,7.0644,125.6086
1351,9,Active,60500.0,Unpaid,2026-09-04,7.068987,125.596957,7.0644,125.6086
1352,1,Active,49500.0,Unpaid,2026-06-27,7.057973,125.631133,7.0644,125.6086
1353,10,Active,68500.0,Paid,2026-05-31,7.077616,125.603509,7.0644,125.6086
1354,4,Inactive,73000.0,Unpaid,2026-06-03,7.06633,125.619469,7.0644,125.6086
1355,2,Active,23500.0,Unpaid,2026-06-19,7.155933,125.62016,7.0644,125.6086
1356,5,Active,83000.0,Unpaid,2026-09-06,7.082293,125.624064,7.0644,125.6086
1357,7,Active,59500.0,Partial,2026-07-26,7.053127,125.591843,7.0644,125.6086
1358,6,Active,79000.0,Unpaid,2026-09-07,7.072491,125.588148,7.0644,125.6086
1359,4,Active,8000.0,Paid,2026-10-05,7.08258,125.627822,7.0644,125.6086
1360,4,Active,27500.0,Unpaid,2026-06-12,7.078352,125.591077,7.0644,125.6086
1361,3,Active,32500.0,Unpaid,2026-07-14,7.009144,125.587104,7.0644,125.6086
1362,10,Active,0.0,Unpaid,2026-07-24,7.020767,125.631976,7.0644,125.6086
1363,3,Active,79500.0,Partial,2026-09-15,7.103008,125.612183,7.0644,125.6086
1364,2,Inactive,82500.0,Unpaid,2026-08-24,7.072256,125.622063,7.0644,125.6086
1365,8,Inactive,83000.0,Paid,2026-08-03,7.0644,125.6086,7.0644,125.6086
1366,7,Active,24000.0,Paid,2026-09-16,7.08051,125.652989,7.0644,125.6086
1367,10,Active,9000.0,Unpaid,2026-06-21,7.066155,125.600576,7.0644,125.6086
1368,6,Active,58500.0,Paid,2026-06-21,7.08445,125.5999,7.0644,125.6086
1369,10,Inactive,25500.0,Unpaid,2026-08-30,7.057633,125.589435,7.0644,125.6086
1370,9,Active,45500.0,Unpaid,2026-06-14,7.014428,125.565576,7.0644,125.6086
1371,4,Active,53000.0,Unpaid,2026-10-10,7.065363,125.584654,7.0644,125.6086
1372,4,Active,18500.0,Partial,2026-09-25,7.058397,125.670514,7.0644,125.6086
1373,7,Inactive,55000.0,Paid,2026-09-04,7.103247,125.643332,7.0644,125.6086
1374,4,Active,70000.0,Unpaid,2026-09-18,7.116487,125.614393,7.0644,125.6086
1375,7,Active,17000.0,Partial,2026-09-20,7.098899,125.62362,7.0644,125.6086
1376,10,Active,7500.0,Unpaid,2026-06-20,7.092354,125.650655,7.0644,125.6086
1377,10,Active,22000.0,Paid,2026-09-13,7.107638,125.622946,7.0644,125.6086
1378,5,Active,62500.0,Paid,2026-07-05,7.051649,125.578793,7.0644,125.6086
1379,2,Active,11000.0,Unpaid,2026-07-09,7.054846,125.627778,7.0644,125.6086
1380,9,Active,72000.0,Unpaid,2026-06-15,7.05173,125.607837,7.0644,125.6086
1381,7,Active,3500.0,Partial,2026-10-12,6.976826,125.569825,7.0644,125.6086
1382,9,Inactive,72500.0,Paid,2026-06-29,7.101757,125.572156,7.0644,125.6086
1383,6,Active,94500.0,Partial,2026-09-30,7.043916,125.578105,7.0644,125.6086
1384,10,Active,88000.0,Paid,2026-06-29,7.0384,125.585651,7.0644,125.6086
1385,2,Inactive,45000.0,Unpaid,2026-09-07,7.018846,125.658799,7.0644,125.6086
1386,7,Active,74000.0,Paid,2026-09-19,7.021685,125.61057,7.0644,125.6086
1387,6,Active,44000.0,Partial,2026-07-24,7.077022,125.606482,7.0644,125.6086
1388,5,Active,36000.0,Unpaid,2026-09-03,7.065792,125.627749,7.0644,125.6086
1389,7,Active,86000.0,Unpaid,2026-10-11,7.049804,125.62299,7.0644,125.6086
1390,7,Active,91000.0,Partial,2026-08-14,7.065916,125.651811,7.0644,125.6086
1391,10,Active,28500.0,Unpaid,2026-08-09,7.023791,125.589799,7.0644,125.6086
1392,9,Active,9000.0,Paid,2026-08-23,7.053833,125.605262,7.0644,125.6086
1393,4,Active,29500.0,Paid,2026-08-04,7.036854,125.548772,7.0644,125.6086
1394,7,Active,28000.0,Paid,2026-06-20,7.049046,125.576401,7.0644,125.6086
1395,1,Active,87500.0,Partial,2026-09-26,7.061983,125.574607,7.0644,125.6086
1396,4,Active,24000.0,Unpaid,2026-08-21,7.062558,125.61795,7.0644,125.6086
1397,6,Active,44500.0,Unpaid,2026-08-03,7.079905,125.649962,7.0644,125.6086
1398,7,Active,18500.0,Paid,2026-07-05,7.06191,125.690003,7.0644,125.6086
1399,3,Active,28000.0,Paid,2026-08-24,7.055429,125.557885,7.0644,125.6086
1400,10,Active,18000.0,Unpaid,2026-07-05,7.009985,125.663619,7.0644,125.6086
1401,1,Active,38500.0,Unpaid,2026-08-16,7.137463,125.630298,7.0644,125.6086
1402,5,Active,11500.0,Unpaid,2026-06-01,7.0644,125.6086,7.0644,125.6086
1403,3,Active,91500.0,Paid,2026-10-02,7.067742,125.59899,7.0644,125.6086
1404,8,Active,92500.0,Partial,2026-08-30,7.073908,125.642918,7.0644,125.6086
1405,2,Active,49500.0,Unpaid,2026-07-07,7.09746,125.593713,7.0644,125.6086
1406,2,Active,37500.0,Partial,2026-08-17,7.074458,125.570248,7.0644,125.6086
1407,7,Active,63500.0,Partial,2026-07-28,7.112421,125.583919,7.0644,125.6086
1408,3,Active,21000.0,Partial,2026-08-06,7.063091,125.588449,7.0644,125.6086
1409,9,Active,74500.0,Partial,2026-08-04,7.038136,125.624707,7.0644,125.6086
1410,8,Inactive,3500.0,Paid,2026-09-05,6.998203,125.608849,7.0644,125.6086
1411,6,Active,31500.0,Unpaid,2026-09-21,7.075581,125.64115,7.0644,125.6086
1412,4,Active,40500.0,Paid,2026-10-09,7.114611,125.614986,7.0644,125.6086
1413,7,Active,4000.0,Unpaid,2026-09-16,7.100301,125.634481,7.0644,125.6086
1414,1,Active,12500.0,Partial,2026-10-02,7.02971,125.58109,7.0644,125.6086
1415,10,Active,66000.0,Partial,2026-09-10,7.067106,125.55057,7.0644,125.6086
1416,6,Active,30000.0,Partial,2026-09-08,7.053931,125.604883,7.0644,125.6086
1417,1,Active,91000.0,Unpaid,2026-07-28,7.063365,125.577013,7.0644,125.6086
1418,10,Active,91000.0,Partial,2026-09-24,7.035819,125.639677,7.0644,125.6086
1419,8,Active,87500.0,Unpaid,2026-08-11,7.1354,125.61819,7.0644,125.6086
1420,10,Active,81000.0,Unpaid,2026-07-05,7.055317,125.637497,7.0644,125.6086
1421,2,Active,61000.0,Unpaid,2026-09-12,7.05292,125.582358,7.0644,125.6086
1422,9,Active,46500.0,Unpaid,2026-09-04,7.009464,125.549442,7.0644,125.6086
1423,3,Active,62500.0,Partial,2026-07-28,7.080438,125.593985,7.0644,125.6086
1424,8,Active,23000.0,Unpaid,2026-07-20,7.0947,125.606207,7.0644,125.6086
1425,6,Active,7000.0,Unpaid,2026-07-16,7.068644,125.610953,7.0644,125.6086
1426,7,Active,40000.0,Unpaid,2026-08-01,7.038679,125.647874,7.0644,125.6086
1427,3,Active,27500.0,Unpaid,2026-10-07,7.107284,125.602656,7.0644,125.6086
1428,4,Active,4500.0,Paid,2026-09-13,7.099667,125.586399,7.0644,125.6086
1429,7,Active,63500.0,Unpaid,2026-06-06,7.044597,125.632259,7.0644,125.6086
1430,10,Active,91500.0,Paid,2026-06-30,7.062455,125.627718,7.0644,125.6086
1431,5,Active,67000.0,Unpaid,2026-07-10,7.051311,125.61233,7.0644,125.6086
1432,7,Active,9000.0,Partial,2026-09-04,7.042943,125.654105,7.0644,125.6086
1433,5,Active,80000.0,Unpaid,2026-08-08,7.143629,125.637214,7.0644,125.6086
1434,9,Active,52500.0,Partial,2026-09-18,7.080996,125.620038,7.0644,125.6086
1435,10,Active,38500.0,Unpaid,2026-09-23,7.045528,125.61894,7.0644,125.6086
1436,4,Active,38500.0,Paid,2026-09-17,7.072521,125.544062,7.0644,125.6086
1437,8,Active,73000.0,Paid,2026-08-31,7.054487,125.54333,7.0644,125.6086
1438,8,Active,500.0,Unpaid,2026-06-26,7.060281,125.567188,7.0644,125.6086
1439,2,Active,13500.0,Partial,2026-09-26,7.055108,125.616644,7.0644,125.6086
1440,7,Active,5500.0,Paid,2026-06-14,7.025645,125.639086,7.0644,125.6086
1441,7,Active,82000.0,Partial,2026-09-06,7.093174,125.607327,7.0644,125.6086
1442,7,Active,76500.0,Unpaid,2026-08-11,7.049511,125.626974,7.0644,125.6086
1443,8,Active,80000.0,Unpaid,2026-10-07,7.080955,125.584664,7.0644,125.6086
1444,9,Active,30500.0,Unpaid,2026-06-17,7.074053,125.611352,7.0644,125.6086
1445,10,Active,95000.0,Partial,2026-08-26,7.102721,125.607703,7.0644,125.6086
1446,7,Inactive,90000.0,Unpaid,2026-06-01,6.999884,125.596219,7.0644,125.6086
1447,7,Active,30500.0,Paid,2026-06-08,7.030906,125.602624,7.0644,125.6086
1448,10,Active,9500.0,Paid,2026-10-05,6.976654,125.602295,7.0644,125.6086
1449,2,Active,22000.0,Partial,2026-07-09,7.05348,125.615434,7.0644,125.6086
1450,6,Active,74000.0,Unpaid,2026-09-15,7.164937,125.601778,7.0644,125.6086
1451,10,Active,0.0,Paid,2026-06-05,7.093812,125.593203,7.0644,125.6086
1452,7,Inactive,60500.0,Partial,2026-08-24,7.108345,125.691863,7.0644,125.6086
1453,4,Active,66000.0,Partial,2026-09-28,7.082842,125.594262,7.0644,125.6086
1454,9,Active,9000.0,Unpaid,2026-06-24,7.045861,125.642674,7.0644,125.6086
1455,5,Active,85000.0,Partial,2026-09-15,7.0644,125.6086,7.0644,125.6086
1456,4,Active,13000.0,Partial,2026-07-01,7.061315,125.625242,7.0644,125.6086
1457,7,Inactive,500.0,Unpaid,2026-06-07,7.077197,125.679918,7.0644,125.6086
1458,5,Active,25000.0,Unpaid,2026-06-14,7.042536,125.546723,7.0644,125.6086
1459,2,Active,71500.0,Partial,2026-08-20,7.070247,125.629634,7.0644,125.6086
1460,8,Active,53000.0,Partial,2026-09-03,7.034913,125.629797,7.0644,125.6086
1461,10,Active,39500.0,Unpaid,2026-09-24,7.088472,125.639313,7.0644,125.6086
1462,7,Active,90500.0,Unpaid,2026-08-24,7.042723,125.562318,7.0644,125.6086
1463,4,Inactive,51000.0,Unpaid,2026-06-25,7.125394,125.603324,7.0644,125.6086
1464,10,Inactive,23500.0,Partial,2026-08-29,7.019677,125.576845,7.0644,125.6086
1465,7,Active,54500.0,Unpaid,2026-08-29,7.008014,125.654859,7.0644,125.6086
1466,7,Active,79000.0,Unpaid,2026-06-13,7.081727,125.620153,7.0644,125.6086
1467,8,Active,0.0,Partial,2026-08-11,7.101774,125.635619,7.0644,125.6086
1468,8,Active,70500.0,Partial,2026-07-03,7.01388,125.582668,7.0644,125.6086
1469,7,Active,76000.0,Paid,2026-07-08,7.041539,125.594134,7.0644,125.6086
1470,6,Active,8000.0,Unpaid,2026-09-25,7.073908,125.651083,7.0644,125.6086
1471,6,Active,34000.0,Unpaid,2026-10-10,7.044152,125.59106,7.0644,125.6086
1472,5,Inactive,36000.0,Unpaid,2026-08-11,7.073263,125.583313,7.0644,125.6086
1473,4,Inactive,25500.0,Unpaid,2026-10-04,7.092663,125.614061,7.0644,125.6086
1474,1,Active,500.0,Partial,2026-07-28,7.094698,125.627543,7.0644,125.6086
1475,1,Inactive,30000.0,Paid,2026-06-02,7.05277,125.639836,7.0644,125.6086
1476,7,Active,61000.0,Paid,2026-09-02,7.11294,125.616907,7.0644,125.6086
1477,3,Active,81000.0,Partial,2026-07-17,7.026366,125.563421,7.0644,125.6086
1478,6,Active,78500.0,Unpaid,2026-06-08,7.073256,125.56831,7.0644,125.6086
1479,6,Active,79500.0,Unpaid,2026-06-03,7.002608,125.610005,7.0644,125.6086
1480,7,Active,7500.0,Unpaid,2026-08-08,7.080932,125.624111,7.0644,125.6086
1481,7,Active,69000.0,Unpaid,2026-06-13,7.082435,125.624978,7.0644,125.6086
1482,7,Active,91500.0,Unpaid,2026-09-05,7.041247,125.580121,7.0644,125.6086
1483,7,Active,95500.0,Unpaid,2026-06-17,7.065997,125.601235,7.0644,125.6086
1484,3,Active,88000.0,Paid,2026-10-11,7.060564,125.663862,7.0644,125.6086
1485,4,Active,24000.0,Unpaid,2026-09-30,7.040518,125.602612,7.0644,125.6086
1486,7,Active,22000.0,Unpaid,2026-10-05,7.057406,125.607836,7.0644,125.6086
1487,7,Active,15000.0,Paid,2026-06-08,7.096158,125.548105,7.0644,125.6086
1488,5,Active,97500.0,Unpaid,2026-07-23,7.071563,125.580983,7.0644,125.6086
1489,2,Active,85000.0,Paid,2026-09-03,7.03153,125.608381,7.0644,125.6086
1490,7,Active,62500.0,Unpaid,2026-07-27,7.096688,125.556094,7.0644,125.6086
1491,7,Active,40500.0,Partial,2026-08-10,7.089657,125.632053,7.0644,125.6086
1492,7,Active,28500.0,Unpaid,2026-06-05,7.072617,125.627004,7.0644,125.6086
1493,9,Inactive,73500.0,Paid,2026-09-30,7.033445,125.622572,7.0644,125.6086
1494,7,Active,62000.0,Partial,2026-10-05,7.032314,125.606115,7.0644,125.6086
1495,10,Active,34500.0,Unpaid,2026-09-29,7.096929,125.607962,7.0644,125.6086
1496,3,Active,32500.0,Paid,2026-09-03,7.043002,125.603557,7.0644,125.6086
1497,7,Active,59500.0,Unpaid,2026-06-02,7.011405,125.602049,7.0644,125.6086
1498,4,Active,12500.0,Partial,2026-08-31,7.111549,125.615477,7.0644,125.6086
1499,3,Active,16000.0,Paid,2026-07-30,7.114902,125.675899,7.0644,125.6086
1500,9,Inactive,46500.0,Unpaid,2026-08-31,7.042038,125.578757,7.0644,125.6086
1501,1,Active,28000.0,Unpaid,2026-07-26,7.134106,125.636168,7.0644,125.6086
1502,2,Active,4500.0,Unpaid,2026-08-10,7.030281,125.60683,7.0644,125.6086
1503,8,Active,59000.0,Partial,2026-09-04,7.030731,125.558627,7.0644,125.6086
1504,8,Active,17500.0,Unpaid,2026-07-09,7.069657,125.601386,7.0644,125.6086
1505,4,Active,69500.0,Unpaid,2026-07-08,7.083356,125.582714,7.0644,125.6086
1506,7,Active,38000.0,Unpaid,2026-10-12,7.075959,125.673587,7.0644,125.6086
1507,7,Active,29000.0,Unpaid,2026-10-12,7.062214,125.624131,7.0644,125.6086
1508,6,Active,79000.0,Unpaid,2026-07-25,7.082491,125.652401,7.0644,125.6086
1509,7,Active,62000.0,Paid,2026-07-07,7.132789,125.608449,7.0644,125.6086
1510,4,Active,48500.0,Unpaid,2026-08-04,7.012753,125.617523,7.0644,125.6086
1511,9,Active,33500.0,Unpaid,2026-06-08,7.05041,125.553674,7.0644,125.6086
1512,3,Active,81000.0,Unpaid,2026-09-03,7.02944,125.654744,7.0644,125.6086
1513,4,Active,41500.0,Partial,2026-09-21,7.086973,125.575497,7.0644,125.6086
1514,8,Active,61000.0,Partial,2026-07-26,7.039028,125.611699,7.0644,125.6086
1515,5,Active,26500.0,Unpaid,2026-08-04,7.059105,125.642595,7.0644,125.6086
1516,8,Active,43000.0,Partial,2026-09-20,7.100401,125.636924,7.0644,125.6086
1517,9,Active,48500.0,Paid,2026-10-01,7.06553,125.622874,7.0644,125.6086
1518,8,Active,82500.0,Unpaid,2026-08-29,7.012362,125.577577,7.0644,125.6086
1519,9,Active,35500.0,Partial,2026-08-30,7.091474,125.661098,7.0644,125.6086
1520,7,Inactive,87000.0,Unpaid,2026-08-16,7.076762,125.60447,7.0644,125.6086
1521,6,Active,17000.0,Unpaid,2026-07-19,7.063289,125.649689,7.0644,125.6086
1522,7,Active,55500.0,Unpaid,2026-07-15,7.024094,125.623422,7.0644,125.6086
1523,8,Active,74000.0,Unpaid,2026-06-02,7.109147,125.609333,7.0644,125.6086
1524,10,Active,6000.0,Partial,2026-09-22,7.098573,125.539694,7.0644,125.6086
1525,6,Active,57000.0,Unpaid,2026-09-21,7.056639,125.670112,7.0644,125.6086
1526,1,Active,32500.0,Partial,2026-06-19,7.080276,125.614027,7.0644,125.6086
1527,5,Active,37500.0,Unpaid,2026-07-28,7.026428,125.606059,7.0644,125.6086
1528,3,Active,78000.0,Unpaid,2026-06-02,7.055739,125.62869,7.0644,125.6086
1529,6,Active,18500.0,Unpaid,2026-07-24,7.094275,125.624682,7.0644,125.6086
1530,2,Active,29500.0,Partial,2026-10-07,7.0644,125.6086,7.0644,125.6086
1531,9,Active,59500.0,Unpaid,2026-09-21,7.04499,125.600198,7.0644,125.6086
1532,7,Active,50000.0,Partial,2026-10-11,7.095795,125.565091,7.0644,125.6086
1533,4,Active,84000.0,Unpaid,2026-09-04,7.034668,125.566884,7.0644,125.6086
1534,10,Active,4500.0,Partial,2026-10-02,7.0644,125.6086,7.0644,125.6086
1535,10,Active,28000.0,Unpaid,2026-09-17,7.03235,125.588714,7.0644,125.6086
1536,3,Active,77000.0,Paid,2026-07-01,7.108362,125.673124,7.0644,125.6086
1537,10,Active,18500.0,Paid,2026-06-06,7.065884,125.60928,7.0644,125.6086
1538,10,Inactive,3000.0,Paid,2026-07-11,7.052152,125.566646,7.0644,125.6086
1539,9,Inactive,48000.0,Unpaid,2026-08-14,7.075681,125.632733,7.0644,125.6086
1540,6,Inactive,1500.0,Unpaid,2026-09-08,7.081616,125.625978,7.0644,125.6086
1541,5,Active,2500.0,Unpaid,2026-07-09,7.076236,125.675288,7.0644,125.6086
1542,2,Active,64000.0,Partial,2026-08-13,7.040476,125.562873,7.0644,125.6086
1543,1,Active,13500.0,Unpaid,2026-09-23,7.038234,125.629005,7.0644,125.6086
1544,7,Active,35500.0,Paid,2026-08-26,7.168465,125.583012,7.0644,125.6086
1545,1,Inactive,69500.0,Partial,2026-07-21,6.980213,125.647528,7.0644,125.6086
1546,5,Inactive,87000.0,Unpaid,2026-08-15,7.11915,125.588064,7.0644,125.6086
1547,8,Active,44500.0,Paid,2026-08-26,7.050518,125.617648,7.0644,125.6086
1548,10,Active,76500.0,Unpaid,2026-07-16,7.055682,125.61636,7.0644,125.6086
1549,6,Active,19000.0,Unpaid,2026-09-19,7.04009,125.593301,7.0644,125.6086
1550,4,Active,96500.0,Unpaid,2026-09-21,7.067028,125.582009,7.0644,125.6086
1551,9,Active,79000.0,Unpaid,2026-08-07,7.049017,125.623952,7.0644,125.6086
1552,7,Inactive,18000.0,Paid,2026-08-12,7.001378,125.499506,7.0644,125.6086
1553,5,Active,0.0,Unpaid,2026-07-27,7.11332,125.62626,7.0644,125.6086
1554,3,Active,26500.0,Unpaid,2026-06-28,7.09613,125.57097,7.0644,125.6086
1555,2,Active,3000.0,Partial,2026-07-15,7.133159,125.53074,7.0644,125.6086
1556,10,Inactive,30000.0,Paid,2026-10-01,7.058153,125.587997,7.0644,125.6086
1557,10,Inactive,13000.0,Unpaid,2026-09-03,7.111785,125.588106,7.0644,125.6086
1558,7,Active,52000.0,Partial,2026-06-27,6.999306,125.589839,7.0644,125.6086
1559,4,Active,32000.0,Partial,2026-09-06,7.141994,125.623435,7.0644,125.6086
1560,7,Active,33500.0,Partial,2026-07-21,7.098673,125.630927,7.0644,125.6086
1561,10,Active,38000.0,Paid,2026-09-06,7.064286,125.623588,7.0644,125.6086
1562,9,Active,62500.0,Partial,2026-06-21,7.123586,125.59389,7.0644,125.6086
1563,7,Active,80500.0,Unpaid,2026-07-04,7.045515,125.643029,7.0644,125.6086
1564,5,Active,79500.0,Unpaid,2026-09-19,7.073767,125.628133,7.0644,125.6086
1565,7,Active,30500.0,Paid,2026-10-06,7.0315,125.639849,7.0644,125.6086
1566,7,Active,33000.0,Partial,2026-08-19,7.068385,125.631461,7.0644,125.6086
1567,2,Inactive,92000.0,Unpaid,2026-06-08,7.06304,125.58087,7.0644,125.6086
1568,5,Inactive,57000.0,Unpaid,2026-07-01,7.036144,125.61762,7.0644,125.6086
1569,10,Active,68000.0,Unpaid,2026-08-10,7.082883,125.677559,7.0644,125.6086
1570,3,Active,5000.0,Unpaid,2026-06-27,7.002123,125.618863,7.0644,125.6086
1571,2,Active,100000.0,Unpaid,2026-08-17,7.01413,125.644513,7.0644,125.6086
1572,9,Active,35000.0,Unpaid,2026-07-25,7.086854,125.569556,7.0644,125.6086
1573,9,Active,5500.0,Partial,2026-09-21,7.066344,125.582126,7.0644,125.6086
1574,2,Active,78500.0,Partial,2026-09-23,7.04792,125.606365,7.0644,125.6086
1575,7,Active,95500.0,Paid,2026-09-05,7.042453,125.641408,7.0644,125.6086
1576,10,Active,82000.0,Paid,2026-06-12,6.998268,125.560829,7.0644,125.6086
1577,8,Active,66000.0,Paid,2026-09-19,7.054224,125.644647,7.0644,125.6086
1578,4,Inactive,3500.0,Paid,2026-06-14,6.976298,125.5945,7.0644,125.6086
1579,10,Active,43000.0,Paid,2026-07-22,7.036288,125.656294,7.0644,125.6086
1580,9,Active,11000.0,Unpaid,2026-09-13,7.061336,125.596881,7.0644,125.6086
1581,10,Active,81000.0,Unpaid,2026-09-09,7.079028,125.553414,7.0644,125.6086
1582,7,Active,8000.0,Paid,2026-06-04,7.07858,125.627748,7.0644,125.6086
1583,10,Inactive,87000.0,Unpaid,2026-09-24,7.064978,125.61375,7.0644,125.6086
1584,4,Active,34000.0,Partial,2026-07-05,7.132639,125.672296,7.0644,125.6086
1585,10,Active,10000.0,Unpaid,2026-07-10,7.06874,125.569751,7.0644,125.6086
1586,7,Inactive,64000.0,Unpaid,2026-07-09,7.012001,125.631633,7.0644,125.6086
1587,6,Active,91000.0,Partial,2026-06-05,7.0644,125.6086,7.0644,125.6086
1588,7,Active,60500.0,Partial,2026-10-12,7.027203,125.60164,7.0644,125.6086
1589,10,Active,89500.0,Paid,2026-06-28,7.055633,125.595043,7.0644,125.6086
1590,7,Active,39000.0,Partial,2026-08-21,7.062473,125.626702,7.0644,125.6086
1591,5,Active,29000.0,Paid,2026-06-15,7.058774,125.554281,7.0644,125.6086
1592,5,Active,500.0,Unpaid,2026-07-10,7.092463,125.634025,7.0644,125.6086
1593,10,Active,69500.0,Paid,2026-06-25,7.011587,125.662123,7.0644,125.6086
1594,8,Active,0.0,Partial,2026-06-02,7.065513,125.633063,7.0644,125.6086
1595,7,Active,92000.0,Paid,2026-09-03,7.088043,125.593763,7.0644,125.6086
1596,10,Active,20000.0,Partial,2026-07-13,7.097653,125.641239,7.0644,125.6086
1597,10,Active,35500.0,Unpaid,2026-08-25,7.039366,125.612564,7.0644,125.6086
1598,5,Active,40000.0,Unpaid,2026-09-16,7.062428,125.622213,7.0644,125.6086
1599,7,Active,0.0,Partial,2026-07-30,7.0644,125.6086,7.0644,125.6086
1600,8,Active,0.0,Partial,2026-08-16,7.047106,125.620161,7.0644,125.6086
1601,10,Active,86500.0,Partial,2026-09-27,7.040355,125.630818,7.0644,125.6086
1602,10,Inactive,78500.0,Unpaid,2026-09-16,7.052555,125.624319,7.0644,125.6086
1603,9,Active,63500.0,Partial,2026-08-09,7.075976,125.538172,7.0644,125.6086
1604,1,Active,88000.0,Unpaid,2026-06-02,7.084196,125.588227,7.0644,125.6086
1605,7,Active,18500.0,Partial,2026-08-11,7.102334,125.592811,7.0644,125.6086
1606,6,Active,18500.0,Unpaid,2026-07-29,7.033173,125.620332,7.0644,125.6086
1607,7,Active,94500.0,Unpaid,2026-07-11,7.071832,125.660154,7.0644,125.6086
1608,7,Active,54000.0,Unpaid,2026-06-09,7.141695,125.592555,7.0644,125.6086
1609,8,Active,82500.0,Partial,2026-10-06,7.058245,125.617253,7.0644,125.6086
1610,8,Inactive,64500.0,Partial,2026-08-08,7.074536,125.575562,7.0644,125.6086
1611,4,Active,2500.0,Unpaid,2026-06-16,7.045082,125.597914,7.0644,125.6086
1612,7,Active,7500.0,Partial,2026-09-27,6.994849,125.576401,7.0644,125.6086
1613,10,Active,53500.0,Unpaid,2026-06-10,7.084708,125.554223,7.0644,125.6086
1614,6,Active,11500.0,Unpaid,2026-06-17,7.081287,125.562322,7.0644,125.6086
1615,9,Active,24000.0,Partial,2026-09-04,7.062637,125.610781,7.0644,125.6086
1616,3,Active,17000.0,Paid,2026-08-23,7.05999,125.61381,7.0644,125.6086
1617,1,Active,79000.0,Unpaid,2026-09-05,7.045052,125.675212,7.0644,125.6086
1618,8,Active,35000.0,Unpaid,2026-08-26,7.058559,125.617126,7.0644,125.6086
1619,3,Active,80000.0,Partial,2026-08-29,7.013121,125.588216,7.0644,125.6086
1620,6,Inactive,89500.0,Partial,2026-06-03,7.058258,125.590087,7.0644,125.6086
1621,9,Active,18500.0,Unpaid,2026-09-28,7.100022,125.635642,7.0644,125.6086
1622,10,Active,28500.0,Paid,2026-07-18,7.078879,125.591367,7.0644,125.6086
1623,7,Active,30500.0,Partial,2026-07-06,7.004679,125.612337,7.0644,125.6086
1624,1,Active,11500.0,Partial,2026-10-05,7.063883,125.678091,7.0644,125.6086
1625,3,Active,92000.0,Unpaid,2026-09-19,7.043491,125.62995,7.0644,125.6086
1626,7,Active,10500.0,Partial,2026-06-12,7.108985,125.55572,7.0644,125.6086
1627,7,Active,16500.0,Unpaid,2026-06-29,7.037904,125.55866,7.0644,125.6086
1628,7,Active,52500.0,Partial,2026-09-01,7.061198,125.555392,7.0644,125.6086
1629,2,Active,78500.0,Paid,2026-07-29,7.091994,125.603293,7.0644,125.6086
1630,6,Active,7500.0,Unpaid,2026-09-26,7.0644,125.6086,7.0644,125.6086
1631,10,Active,56500.0,Partial,2026-08-15,7.045716,125.581729,7.0644,125.6086
1632,5,Active,78500.0,Unpaid,2026-08-01,7.068064,125.589062,7.0644,125.6086
1633,7,Active,17500.0,Unpaid,2026-06-28,7.093459,125.646533,7.0644,125.6086
1634,10,Active,81500.0,Unpaid,2026-08-27,7.070052,125.68324,7.0644,125.6086
1635,10,Active,35500.0,Partial,2026-06-03,6.99968,125.60999,7.0644,125.6086
1636,1,Active,19000.0,Paid,2026-08-01,7.102957,125.600808,7.0644,125.6086
1637,4,Inactive,6500.0,Unpaid,2026-07-02,7.085382,125.586427,7.0644,125.6086
1638,7,Active,31500.0,Paid,2026-08-12,7.029509,125.588119,7.0644,125.6086
1639,9,Inactive,32000.0,Partial,2026-10-12,7.10977,125.616692,7.0644,125.6086
1640,6,Active,15000.0,Unpaid,2026-07-30,7.06682,125.642813,7.0644,125.6086
1641,10,Active,39000.0,Unpaid,2026-08-11,7.068495,125.643244,7.0644,125.6086
1642,1,Active,48500.0,Unpaid,2026-07-17,7.103582,125.572972,7.0644,125.6086
1643,7,Active,86500.0,Paid,2026-09-06,7.039554,125.643001,7.0644,125.6086
1644,9,Active,45000.0,Unpaid,2026-09-04,7.018843,125.56755,7.0644,125.6086
1645,7,Active,24000.0,Partial,2026-07-18,7.078635,125.652754,7.0644,125.6086
1646,4,Active,29000.0,Partial,2026-07-23,6.992578,125.592739,7.0644,125.6086
1647,7,Active,88500.0,Unpaid,2026-06-26,7.01056,125.626944,7.0644,125.6086
1648,3,Active,64500.0,Unpaid,2026-09-26,7.082697,125.596162,7.0644,125.6086
1649,2,Active,96000.0,Paid,2026-06-10,7.025691,125.598996,7.0644,125.6086
1650,4,Active,20000.0,Paid,2026-09-05,7.034915,125.548577,7.0644,125.6086
1651,2,Active,91500.0,Unpaid,2026-07-06,7.036614,125.522807,7.0644,125.6086
1652,9,Active,23000.0,Unpaid,2026-10-04,7.034553,125.60862,7.0644,125.6086
1653,10,Inactive,48500.0,Unpaid,2026-09-26,7.030343,125.60188,7.0644,125.6086
1654,7,Inactive,70000.0,Partial,2026-06-16,7.099933,125.607894,7.0644,125.6086
1655,4,Active,52000.0,Unpaid,2026-08-01,7.033591,125.599868,7.0644,125.6086
1656,4,Active,94000.0,Paid,2026-09-10,7.074098,125.538239,7.0644,125.6086
1657,9,Active,56000.0,Unpaid,2026-07-17,7.027808,125.615148,7.0644,125.6086
1658,7,Active,8000.0,Unpaid,2026-07-06,7.048125,125.666291,7.0644,125.6086
1659,6,Active,62000.0,Unpaid,2026-07-05,7.019414,125.653609,7.0644,125.6086
1660,10,Active,88500.0,Partial,2026-06-10,7.050454,125.613359,7.0644,125.6086
1661,5,Active,61000.0,Unpaid,2026-08-04,7.083007,125.619797,7.0644,125.6086
1662,6,Active,29000.0,Unpaid,2026-06-19,7.110688,125.628577,7.0644,125.6086
1663,7,Active,50000.0,Unpaid,2026-10-08,7.023277,125.579017,7.0644,125.6086
1664,10,Active,29500.0,Unpaid,2026-10-06,7.070444,125.639507,7.0644,125.6086
1665,3,Active,49500.0,Partial,2026-07-17,7.047361,125.625882,7.0644,125.6086
1666,3,Active,7500.0,Paid,2026-08-12,7.117449,125.581173,7.0644,125.6086
1667,5,Active,38000.0,Unpaid,2026-07-26,7.083021,125.637341,7.0644,125.6086
1668,10,Active,45500.0,Unpaid,2026-07-26,7.086197,125.603069,7.0644,125.6086
1669,2,Active,79000.0,Partial,2026-07-22,7.052757,125.624093,7.0644,125.6086
1670,5,Active,71500.0,Unpaid,2026-09-25,7.004597,125.650284,7.0644,125.6086
1671,1,Inactive,9500.0,Unpaid,2026-10-02,7.025237,125.593256,7.0644,125.6086
1672,7,Active,44000.0,Unpaid,2026-08-06,7.057427,125.593293,7.0644,125.6086
1673,8,Active,41000.0,Partial,2026-09-20,7.108094,125.627693,7.0644,125.6086
1674,1,Active,63000.0,Partial,2026-09-26,7.009644,125.598818,7.0644,125.6086
1675,2,Active,48000.0,Unpaid,2026-09-25,7.049943,125.610533,7.0644,125.6086
1676,7,Active,83500.0,Unpaid,2026-08-06,7.055241,125.654547,7.0644,125.6086
1677,1,Active,67000.0,Paid,2026-08-24,7.063631,125.591402,7.0644,125.6086
1678,2,Active,71500.0,Partial,2026-07-16,7.115736,125.605893,7.0644,125.6086
1679,5,Active,91500.0,Unpaid,2026-07-02,7.090322,125.632659,7.0644,125.6086
1680,2,Active,50000.0,Paid,2026-06-23,7.066607,125.688859,7.0644,125.6086
1681,10,Inactive,9500.0,Unpaid,2026-06-24,7.043831,125.601254,7.0644,125.6086
1682,3,Active,41000.0,Partial,2026-10-08,7.053182,125.638121,7.0644,125.6086
1683,7,Active,55000.0,Unpaid,2026-06-04,7.034751,125.645204,7.0644,125.6086
1684,6,Inactive,8000.0,Partial,2026-07-06,7.006769,125.565176,7.0644,125.6086
1685,10,Active,96000.0,Unpaid,2026-09-15,7.059619,125.601544,7.0644,125.6086
1686,1,Active,95500.0,Unpaid,2026-06-21,7.089717,125.669157,7.0644,125.6086
1687,2,Active,20500.0,Unpaid,2026-08-28,7.06153,125.599205,7.0644,125.6086
1688,10,Inactive,86000.0,Unpaid,2026-06-03,7.1003,125.572321,7.0644,125.6086
1689,10,Active,17000.0,Partial,2026-06-18,7.067083,125.654362,7.0644,125.6086
1690,6,Active,62000.0,Unpaid,2026-08-13,7.006488,125.598574,7.0644,125.6086
1691,1,Active,17000.0,Unpaid,2026-10-07,7.020699,125.589448,7.0644,125.6086
1692,7,Active,48500.0,Partial,2026-08-06,7.104761,125.651514,7.0644,125.6086
1693,7,Active,91500.0,Unpaid,2026-07-14,6.975608,125.512251,7.0644,125.6086
1694,9,Active,27500.0,Paid,2026-08-13,7.078449,125.657552,7.0644,125.6086
1695,10,Active,39500.0,Partial,2026-07-11,7.064416,125.632107,7.0644,125.6086
1696,10,Active,3000.0,Unpaid,2026-07-29,7.055817,125.590027,7.0644,125.6086
1697,7,Active,63000.0,Paid,2026-09-26,7.100205,125.661136,7.0644,125.6086
1698,6,Active,91500.0,Unpaid,2026-07-28,7.04609,125.664048,7.0644,125.6086
1699,3,Active,68000.0,Paid,2026-10-11,7.040896,125.603191,7.0644,125.6086
1700,5,Active,11500.0,Unpaid,2026-07-18,7.095332,125.567127,7.0644,125.6086
1701,2,Active,34500.0,Paid,2026-07-03,7.100684,125.578938,7.0644,125.6086
1702,4,Active,8500.0,Unpaid,2026-08-03,7.006447,125.560144,7.0644,125.6086
1703,1,Active,55000.0,Paid,2026-06-24,7.055822,125.649085,7.0644,125.6086
1704,9,Active,72500.0,Partial,2026-10-11,7.078113,125.648414,7.0644,125.6086
1705,5,Active,8000.0,Partial,2026-06-26,7.103348,125.652947,7.0644,125.6086
1706,7,Active,24000.0,Paid,2026-10-07,7.111822,125.60472,7.0644,125.6086
1707,10,Active,58500.0,Unpaid,2026-06-13,7.004088,125.576654,7.0644,125.6086
1708,6,Active,53000.0,Unpaid,2026-06-29,7.01902,125.620945,7.0644,125.6086
1709,9,Active,3500.0,Unpaid,2026-08-18,7.058735,125.700762,7.0644,125.6086
1710,8,Active,69500.0,Unpaid,2026-09-02,6.99955,125.681835,7.0644,125.6086
1711,9,Active,22000.0,Paid,2026-07-27,7.009968,125.584365,7.0644,125.6086
1712,6,Inactive,35000.0,Unpaid,2026-09-04,7.070635,125.587162,7.0644,125.6086
1713,10,Active,11500.0,Partial,2026-09-09,7.112758,125.653908,7.0644,125.6086
1714,10,Inactive,29000.0,Unpaid,2026-08-11,7.077615,125.564042,7.0644,125.6086
1715,9,Active,14000.0,Partial,2026-07-31,7.057943,125.627972,7.0644,125.6086
1716,2,Active,52500.0,Partial,2026-09-08,7.114539,125.620767,7.0644,125.6086
1717,7,Active,8000.0,Unpaid,2026-08-11,7.033554,125.612044,7.0644,125.6086
1718,7,Inactive,46500.0,Partial,2026-09-07,7.103165,125.646308,7.0644,125.6086
1719,5,Active,84500.0,Unpaid,2026-08-07,7.057577,125.600748,7.0644,125.6086
1720,8,Active,55500.0,Partial,2026-08-27,7.037272,125.617714,7.0644,125.6086
1721,2,Active,51500.0,Paid,2026-10-12,7.080737,125.649767,7.0644,125.6086
1722,5,Active,0.0,Unpaid,2026-06-17,7.102736,125.579678,7.0644,125.6086
1723,7,Active,16500.0,Partial,2026-08-12,7.022887,125.635123,7.0644,125.6086
1724,7,Inactive,3000.0,Unpaid,2026-07-13,7.053596,125.645732,7.0644,125.6086
1725,10,Active,68000.0,Unpaid,2026-09-11,7.090971,125.589534,7.0644,125.6086
1726,9,Inactive,87500.0,Unpaid,2026-06-28,7.122171,125.629297,7.0644,125.6086
1727,10,Active,0.0,Unpaid,2026-08-03,7.047449,125.640679,7.0644,125.6086
1728,4,Active,99000.0,Unpaid,2026-08-27,7.162122,125.632905,7.0644,125.6086
1729,4,Active,17500.0,Unpaid,2026-08-10,7.102311,125.652423,7.0644,125.6086
1730,2,Active,70500.0,Unpaid,2026-09-20,7.057231,125.607255,7.0644,125.6086
1731,8,Active,78500.0,Paid,2026-06-06,7.09501,125.59694,7.0644,125.6086
1732,5,Active,50500.0,Paid,2026-07-05,7.096754,125.563361,7.0644,125.6086
1733,4,Active,5500.0,Unpaid,2026-08-06,7.085878,125.60429,7.0644,125.6086
1734,8,Inactive,16000.0,Paid,2026-09-26,7.114256,125.592079,7.0644,125.6086
1735,8,Active,68000.0,Partial,2026-10-10,7.058315,125.602828,7.0644,125.6086
1736,7,Active,58000.0,Unpaid,2026-10-11,7.108648,125.635254,7.0644,125.6086
1737,5,Active,13000.0,Unpaid,2026-10-09,7.082602,125.598297,7.0644,125.6086
1738,6,Active,81000.0,Unpaid,2026-07-21,7.077174,125.643898,7.0644,125.6086
1739,2,Inactive,99000.0,Partial,2026-06-30,7.08578,125.618111,7.0644,125.6086
1740,8,Active,72000.0,Unpaid,2026-06-12,7.097859,125.609581,7.0644,125.6086
1741,5,Active,13500.0,Partial,2026-09-19,7.136244,125.627044,7.0644,125.6086
1742,10,Active,74000.0,Partial,2026-09-22,7.095622,125.621317,7.0644,125.6086
1743,10,Active,76500.0,Unpaid,2026-06-01,7.047688,125.625082,7.0644,125.6086
1744,7,Inactive,84000.0,Partial,2026-09-03,7.067787,125.6546,7.0644,125.6086
1745,10,Inactive,42000.0,Partial,2026-09-19,7.129532,125.630914,7.0644,125.6086
1746,7,Active,66500.0,Unpaid,2026-10-11,7.050623,125.591259,7.0644,125.6086
1747,1,Active,64000.0,Unpaid,2026-08-29,7.104611,125.505579,7.0644,125.6086
1748,2,Active,9000.0,Paid,2026-10-11,7.072924,125.621562,7.0644,125.6086
1749,10,Active,41000.0,Paid,2026-06-03,6.998282,125.649333,7.0644,125.6086
1750,10,Inactive,0.0,Paid,2026-10-11,7.10404,125.607186,7.0644,125.6086
1751,9,Active,42500.0,Unpaid,2026-07-17,7.050169,125.587158,7.0644,125.6086
1752,10,Active,96500.0,Unpaid,2026-06-04,7.044722,125.588463,7.0644,125.6086
1753,5,Active,9000.0,Unpaid,2026-07-14,7.045403,125.59717,7.0644,125.6086
1754,4,Active,44000.0,Unpaid,2026-10-11,7.103559,125.642844,7.0644,125.6086
1755,10,Active,44500.0,Paid,2026-10-08,7.118032,125.634708,7.0644,125.6086
1756,8,Active,44000.0,Unpaid,2026-10-04,7.068481,125.584326,7.0644,125.6086
1757,1,Active,11500.0,Unpaid,2026-09-30,7.017481,125.579671,7.0644,125.6086
1758,1,Active,11000.0,Unpaid,2026-08-13,7.135478,125.589801,7.0644,125.6086
1759,4,Active,55500.0,Partial,2026-09-20,7.09953,125.58254,7.0644,125.6086
1760,10,Active,78000.0,Unpaid,2026-08-27,7.035975,125.619309,7.0644,125.6086
1761,4,Active,33000.0,Unpaid,2026-06-15,7.047062,125.631871,7.0644,125.6086
1762,7,Active,87000.0,Paid,2026-08-09,7.060644,125.613881,7.0644,125.6086
1763,10,Active,87500.0,Unpaid,2026-08-02,7.035084,125.572711,7.0644,125.6086
1764,7,Active,16000.0,Unpaid,2026-06-18,7.018618,125.623015,7.0644,125.6086
1765,10,Active,61000.0,Unpaid,2026-09-09,7.028375,125.569801,7.0644,125.6086
1766,6,Active,13500.0,Unpaid,2026-06-21,7.081682,125.632783,7.0644,125.6086
1767,3,Active,94500.0,Unpaid,2026-10-12,7.109517,125.608031,7.0644,125.6086
1768,2,Active,7500.0,Unpaid,2026-10-13,7.103637,125.553586,7.0644,125.6086
1769,7,Active,82500.0,Partial,2026-10-05,7.050342,125.603895,7.0644,125.6086
1770,9,Active,57500.0,Paid,2026-07-13,7.095436,125.589884,7.0644,125.6086
1771,9,Active,25000.0,Paid,2026-09-24,7.082285,125.658838,7.0644,125.6086
1772,2,Active,6000.0,Paid,2026-08-10,7.103055,125.554506,7.0644,125.6086
1773,5,Active,100000.0,Unpaid,2026-08-18,6.994611,125.587751,7.0644,125.6086
1774,1,Active,0.0,Paid,2026-06-11,7.004581,125.562519,7.0644,125.6086
1775,7,Active,2500.0,Paid,2026-06-11,6.989586,125.630317,7.0644,125.6086
1776,1,Active,81000.0,Partial,2026-08-07,7.109716,125.596549,7.0644,125.6086
1777,3,Active,100000.0,Unpaid,2026-08-10,7.05637,125.642214,7.0644,125.6086
1778,1,Active,51500.0,Unpaid,2026-09-12,7.073661,125.614336,7.0644,125.6086
1779,7,Active,37000.0,Unpaid,2026-08-05,7.016018,125.585759,7.0644,125.6086
1780,3,Active,5500.0,Unpaid,2026-07-29,7.032388,125.652484,7.0644,125.6086
1781,7,Active,90500.0,Paid,2026-09-07,7.080368,125.598354,7.0644,125.6086
1782,7,Active,3500.0,Partial,2026-08-11,7.145049,125.63384,7.0644,125.6086
1783,9,Active,61000.0,Unpaid,2026-06-21,7.121813,125.582106,7.0644,125.6086
1784,6,Active,91000.0,Partial,2026-07-10,7.054657,125.574224,7.0644,125.6086
1785,10,Inactive,61000.0,Partial,2026-08-15,7.074302,125.612142,7.0644,125.6086
1786,5,Active,1500.0,Unpaid,2026-09-30,7.101997,125.598697,7.0644,125.6086
1787,10,Active,21500.0,Partial,2026-09-09,7.093664,125.580593,7.0644,125.6086
1788,9,Active,85000.0,Unpaid,2026-07-27,7.0644,125.6086,7.0644,125.6086
1789,6,Active,31000.0,Paid,2026-10-10,7.035786,125.638775,7.0644,125.6086
1790,7,Active,500.0,Paid,2026-09-24,7.080604,125.597095,7.0644,125.6086
1791,7,Active,60500.0,Partial,2026-07-05,7.075392,125.562374,7.0644,125.6086
1792,3,Active,6500.0,Partial,2026-08-28,7.120664,125.574529,7.0644,125.6086
1793,7,Inactive,53000.0,Partial,2026-09-30,7.051484,125.607856,7.0644,125.6086
1794,10,Active,4500.0,Unpaid,2026-09-08,7.082849,125.585901,7.0644,125.6086
1795,4,Active,30000.0,Unpaid,2026-09-02,7.06919,125.638744,7.0644,125.6086
1796,6,Active,96500.0,Paid,2026-06-25,7.013681,125.63695,7.0644,125.6086
1797,5,Inactive,39000.0,Unpaid,2026-10-03,7.0395,125.632747,7.0644,125.6086
1798,3,Active,80500.0,Unpaid,2026-10-09,7.036043,125.582492,7.0644,125.6086
1799,7,Active,53500.0,Paid,2026-07-31,7.091643,125.615127,7.0644,125.6086
1800,5,Inactive,1000.0,Unpaid,2026-06-19,7.025991,125.652574,7.0644,125.6086
1801,3,Active,19000.0,Partial,2026-07-12,7.071976,125.649096,7.0644,125.6086
1802,4,Active,28000.0,Unpaid,2026-08-18,7.005878,125.641114,7.0644,125.6086
1803,7,Active,1000.0,Partial,2026-06-30,7.069961,125.575326,7.0644,125.6086
1804,10,Inactive,8500.0,Partial,2026-06-28,7.028982,125.574942,7.0644,125.6086
1805,5,Active,53000.0,Unpaid,2026-07-03,7.08076,125.605327,7.0644,125.6086
1806,3,Active,82500.0,Paid,2026-09-01,7.100695,125.612463,7.0644,125.6086
1807,7,Active,15500.0,Unpaid,2026-09-25,7.024588,125.639887,7.0644,125.6086
1808,7,Active,26000.0,Paid,2026-06-22,7.025555,125.611911,7.0644,125.6086
1809,4,Inactive,1000.0,Partial,2026-07-15,7.084183,125.637848,7.0644,125.6086
1810,5,Active,97000.0,Partial,2026-06-28,7.029619,125.562922,7.0644,125.6086
1811,3,Inactive,58500.0,Unpaid,2026-07-29,7.103068,125.584281,7.0644,125.6086
1812,4,Active,78000.0,Unpaid,2026-09-21,7.045897,125.629085,7.0644,125.6086
1813,2,Inactive,89500.0,Unpaid,2026-09-12,7.049261,125.615298,7.0644,125.6086
1814,2,Active,44000.0,Partial,2026-07-31,7.041119,125.625624,7.0644,125.6086
1815,10,Active,56500.0,Paid,2026-09-16,6.999694,125.569449,7.0644,125.6086
1816,10,Active,76500.0,Partial,2026-07-30,7.049875,125.660269,7.0644,125.6086
1817,1,Active,36000.0,Paid,2026-06-30,7.065161,125.583202,7.0644,125.6086
1818,3,Active,94500.0,Partial,2026-06-20,7.092351,125.589611,7.0644,125.6086
1819,10,Active,57000.0,Partial,2026-09-26,7.067601,125.590992,7.0644,125.6086
1820,4,Active,32500.0,Paid,2026-06-28,7.024741,125.647309,7.0644,125.6086
1821,6,Active,72500.0,Partial,2026-06-17,7.038726,125.584355,7.0644,125.6086
1822,9,Active,96500.0,Paid,2026-09-20,7.036468,125.550025,7.0644,125.6086
1823,7,Active,81500.0,Unpaid,2026-10-13,7.083842,125.615634,7.0644,125.6086
1824,1,Active,0.0,Unpaid,2026-07-13,7.049171,125.580792,7.0644,125.6086
1825,2,Active,37500.0,Paid,2026-07-15,7.050865,125.581947,7.0644,125.6086
1826,7,Inactive,83000.0,Partial,2026-09-03,7.097661,125.577912,7.0644,125.6086
1827,4,Active,39500.0,Unpaid,2026-06-07,7.069733,125.562066,7.0644,125.6086
1828,10,Active,75000.0,Unpaid,2026-09-15,7.171997,125.580319,7.0644,125.6086
1829,5,Inactive,38000.0,Partial,2026-10-06,7.059896,125.563821,7.0644,125.6086
1830,4,Inactive,71000.0,Unpaid,2026-08-15,7.003366,125.613494,7.0644,125.6086
1831,10,Inactive,8500.0,Unpaid,2026-08-07,7.022976,125.59497,7.0644,125.6086
1832,3,Active,100000.0,Unpaid,2026-09-03,7.079418,125.62647,7.0644,125.6086
1833,7,Active,58500.0,Paid,2026-10-02,7.041779,125.600029,7.0644,125.6086
1834,9,Active,4500.0,Paid,2026-07-25,7.042074,125.630768,7.0644,125.6086
1835,2,Active,41500.0,Paid,2026-07-14,7.068939,125.583566,7.0644,125.6086
1836,7,Active,78500.0,Unpaid,2026-06-01,7.102865,125.653736,7.0644,125.6086
1837,10,Active,89500.0,Partial,2026-09-05,7.093933,125.651416,7.0644,125.6086
1838,9,Active,53500.0,Paid,2026-07-31,7.021224,125.582463,7.0644,125.6086
1839,3,Active,32500.0,Unpaid,2026-08-23,7.130057,125.69476,7.0644,125.6086
1840,9,Active,76500.0,Paid,2026-06-26,7.052776,125.654597,7.0644,125.6086
1841,7,Active,26000.0,Paid,2026-07-02,7.116972,125.632808,7.0644,125.6086
1842,6,Active,43000.0,Unpaid,2026-08-30,7.077206,125.667536,7.0644,125.6086
1843,5,Active,35500.0,Unpaid,2026-10-04,7.082122,125.650219,7.0644,125.6086
1844,9,Active,60500.0,Unpaid,2026-07-16,7.055247,125.625675,7.0644,125.6086
1845,10,Active,5000.0,Unpaid,2026-08-14,7.019488,125.594988,7.0644,125.6086
1846,4,Active,93000.0,Unpaid,2026-07-07,7.101676,125.650882,7.0644,125.6086
1847,2,Active,19500.0,Unpaid,2026-07-15,7.097031,125.614411,7.0644,125.6086
1848,5,Active,53000.0,Partial,2026-06-14,7.074826,125.607599,7.0644,125.6086
1849,7,Active,21000.0,Unpaid,2026-08-05,7.069848,125.589971,7.0644,125.6086
1850,5,Active,59500.0,Partial,2026-06-06,7.065453,125.579235,7.0644,125.6086
1851,1,Active,24000.0,Unpaid,2026-07-10,7.018102,125.615682,7.0644,125.6086
1852,7,Active,72000.0,Paid,2026-06-05,7.031441,125.628843,7.0644,125.6086
1853,1,Active,19500.0,Unpaid,2026-07-06,7.013153,125.657504,7.0644,125.6086
1854,6,Active,68500.0,Unpaid,2026-09-06,7.106906,125.581865,7.0644,125.6086
1855,5,Active,6500.0,Unpaid,2026-07-08,7.105358,125.627589,7.0644,125.6086
1856,7,Inactive,77000.0,Paid,2026-07-01,7.081425,125.575524,7.0644,125.6086
1857,1,Active,86500.0,Unpaid,2026-09-25,7.085727,125.605976,7.0644,125.6086
1858,2,Active,91000.0,Partial,2026-09-25,7.092592,125.656286,7.0644,125.6086
1859,9,Active,42500.0,Partial,2026-10-11,7.094183,125.598617,7.0644,125.6086
1860,7,Active,33500.0,Unpaid,2026-09-01,7.074096,125.621211,7.0644,125.6086
1861,4,Active,8500.0,Partial,2026-06-15,7.043513,125.642165,7.0644,125.6086
1862,5,Inactive,7000.0,Unpaid,2026-06-29,7.02908,125.610348,7.0644,125.6086
1863,10,Active,29500.0,Unpaid,2026-07-18,7.078265,125.657379,7.0644,125.6086
1864,10,Active,2500.0,Partial,2026-06-17,7.083039,125.6682,7.0644,125.6086
1865,7,Active,35000.0,Partial,2026-09-08,7.088738,125.641703,7.0644,125.6086
1866,7,Active,65500.0,Unpaid,2026-07-26,7.084336,125.660233,7.0644,125.6086
1867,8,Inactive,74500.0,Paid,2026-07-26,7.019506,125.639874,7.0644,125.6086
1868,1,Active,96500.0,Unpaid,2026-08-21,7.069975,125.629267,7.0644,125.6086
1869,5,Inactive,91000.0,Unpaid,2026-06-02,7.026873,125.657439,7.0644,125.6086
1870,8,Active,88000.0,Unpaid,2026-08-20,7.039975,125.587831,7.0644,125.6086
1871,1,Active,5500.0,Partial,2026-09-04,7.07339,125.667414,7.0644,125.6086
1872,9,Active,13500.0,Paid,2026-07-12,7.064266,125.570927,7.0644,125.6086
1873,7,Active,75500.0,Partial,2026-06-04,7.005171,125.611449,7.0644,125.6086
1874,8,Active,72000.0,Partial,2026-08-06,7.059863,125.553679,7.0644,125.6086
1875,6,Active,19000.0,Unpaid,2026-08-30,7.015675,125.613392,7.0644,125.6086
1876,1,Active,42000.0,Paid,2026-07-12,7.052812,125.571863,7.0644,125.6086
1877,10,Active,36500.0,Paid,2026-07-07,7.073752,125.667698,7.0644,125.6086
1878,9,Active,43000.0,Unpaid,2026-08-31,7.005073,125.609793,7.0644,125.6086
1879,7,Active,70500.0,Partial,2026-08-10,7.0644,125.6086,7.0644,125.6086
1880,4,Active,71000.0,Unpaid,2026-08-21,7.050893,125.618934,7.0644,125.6086
1881,8,Active,16000.0,Paid,2026-07-28,7.096096,125.608808,7.0644,125.6086
1882,10,Active,68500.0,Unpaid,2026-07-17,7.081527,125.611662,7.0644,125.6086
1883,10,Active,26000.0,Paid,2026-09-30,7.067729,125.543622,7.0644,125.6086
1884,8,Inactive,78000.0,Unpaid,2026-07-08,7.143295,125.645136,7.0644,125.6086
1885,10,Active,90500.0,Partial,2026-08-06,7.029347,125.638429,7.0644,125.6086
1886,2,Active,41500.0,Unpaid,2026-08-15,7.056068,125.538493,7.0644,125.6086
1887,7,Active,58500.0,Paid,2026-08-25,7.050289,125.627994,7.0644,125.6086
1888,10,Active,93500.0,Partial,2026-06-08,7.090224,125.586203,7.0644,125.6086
1889,3,Active,48000.0,Unpaid,2026-10-04,7.047887,125.650186,7.0644,125.6086
1890,5,Active,99500.0,Paid,2026-06-14,7.093224,125.551758,7.0644,125.6086
1891,7,Active,74000.0,Unpaid,2026-06-16,7.005609,125.585077,7.0644,125.6086
1892,3,Active,41000.0,Partial,2026-07-08,7.034838,125.567653,7.0644,125.6086
1893,6,Active,55000.0,Paid,2026-07-23,7.077539,125.605304,7.0644,125.6086
1894,8,Active,93500.0,Partial,2026-06-22,7.038708,125.58024,7.0644,125.6086
1895,7,Active,22000.0,Partial,2026-07-12,7.044395,125.555941,7.0644,125.6086
1896,9,Active,94500.0,Partial,2026-06-07,7.056039,125.605725,7.0644,125.6086
1897,7,Active,31000.0,Unpaid,2026-09-12,7.001952,125.61914,7.0644,125.6086
1898,3,Inactive,13000.0,Unpaid,2026-06-02,7.0653,125.660609,7.0644,125.6086
1899,5,Active,75500.0,Paid,2026-09-13,7.002535,125.625508,7.0644,125.6086
1900,2,Active,16000.0,Unpaid,2026-08-08,7.027967,125.637544,7.0644,125.6086
1901,4,Active,93000.0,Paid,2026-07-24,7.071993,125.60855,7.0644,125.6086
1902,6,Active,62500.0,Unpaid,2026-05-31,6.959368,125.645709,7.0644,125.6086
1903,4,Active,47000.0,Paid,2026-06-16,7.036731,125.616201,7.0644,125.6086
1904,9,Active,86000.0,Partial,2026-06-24,7.051437,125.660691,7.0644,125.6086
1905,2,Active,48500.0,Unpaid,2026-09-01,7.099681,125.587481,7.0644,125.6086
1906,10,Active,80000.0,Paid,2026-06-07,7.079688,125.536765,7.0644,125.6086
1907,5,Active,98500.0,Paid,2026-09-19,7.0644,125.6086,7.0644,125.6086
1908,5,Active,24000.0,Unpaid,2026-06-18,7.089425,125.642641,7.0644,125.6086
1909,9,Active,500.0,Unpaid,2026-09-13,7.067031,125.620207,7.0644,125.6086
1910,7,Active,75500.0,Paid,2026-07-22,7.097476,125.56561,7.0644,125.6086
1911,7,Active,2000.0,Unpaid,2026-06-13,7.080933,125.591713,7.0644,125.6086
1912,7,Active,9000.0,Partial,2026-06-27,7.081459,125.565309,7.0644,125.6086
1913,5,Active,52500.0,Unpaid,2026-10-03,7.034165,125.608974,7.0644,125.6086
1914,6,Active,97000.0,Partial,2026-09-09,7.006445,125.668059,7.0644,125.6086
1915,6,Active,90500.0,Unpaid,2026-07-01,7.054344,125.583166,7.0644,125.6086
1916,8,Active,55500.0,Paid,2026-07-31,7.083312,125.609902,7.0644,125.6086
1917,10,Active,71500.0,Unpaid,2026-08-20,7.095111,125.629684,7.0644,125.6086
1918,1,Active,17500.0,Paid,2026-10-05,7.091594,125.661156,7.0644,125.6086
1919,8,Inactive,55000.0,Unpaid,2026-07-21,7.093792,125.603757,7.0644,125.6086
1920,1,Active,37000.0,Unpaid,2026-07-27,7.057938,125.642108,7.0644,125.6086
1921,7,Active,81000.0,Unpaid,2026-09-10,7.048732,125.685242,7.0644,125.6086
1922,5,Active,73000.0,Paid,2026-07-27,7.032239,125.641898,7.0644,125.6086
1923,7,Active,30000.0,Partial,2026-08-19,7.070963,125.565352,7.0644,125.6086
1924,3,Active,2000.0,Partial,2026-09-14,7.104315,125.605557,7.0644,125.6086
1925,3,Active,25500.0,Unpaid,2026-08-27,7.090502,125.609319,7.0644,125.6086
1926,1,Active,72000.0,Unpaid,2026-06-23,7.071542,125.638225,7.0644,125.6086
1927,4,Inactive,99500.0,Unpaid,2026-10-12,7.055918,125.568357,7.0644,125.6086
1928,9,Inactive,0.0,Unpaid,2026-07-04,7.063189,125.601969,7.0644,125.6086
1929,4,Active,59500.0,Paid,2026-06-21,7.058346,125.591495,7.0644,125.6086
1930,2,Active,43500.0,Unpaid,2026-07-11,7.0644,125.6086,7.0644,125.6086
1931,9,Active,69500.0,Partial,2026-07-10,7.047818,125.618061,7.0644,125.6086
1932,6,Active,37500.0,Unpaid,2026-06-17,7.035256,125.60666,7.0644,125.6086
1933,5,Active,12000.0,Paid,2026-06-03,7.099828,125.561739,7.0644,125.6086
1934,5,Active,45500.0,Unpaid,2026-06-17,6.999487,125.585509,7.0644,125.6086
1935,2,Active,65000.0,Partial,2026-07-15,7.045275,125.654531,7.0644,125.6086
1936,2,Active,40500.0,Unpaid,2026-08-17,6.972334,125.670209,7.0644,125.6086
1937,1,Active,90500.0,Partial,2026-08-16,7.11385,125.603824,7.0644,125.6086
1938,6,Active,500.0,Unpaid,2026-10-11,7.017885,125.627205,7.0644,125.6086
1939,8,Active,27500.0,Unpaid,2026-10-13,7.01499,125.597854,7.0644,125.6086
1940,3,Active,71000.0,Unpaid,2026-07-04,7.084163,125.650332,7.0644,125.6086
1941,6,Active,49000.0,Unpaid,2026-08-26,7.09011,125.646725,7.0644,125.6086
1942,7,Active,92500.0,Paid,2026-07-22,7.091657,125.62362,7.0644,125.6086
1943,7,Active,48500.0,Unpaid,2026-06-12,7.042034,125.623437,7.0644,125.6086
1944,3,Active,69000.0,Unpaid,2026-09-17,7.111373,125.611129,7.0644,125.6086
1945,6,Active,60000.0,Unpaid,2026-06-14,7.041234,125.643912,7.0644,125.6086
1946,8,Active,70000.0,Unpaid,2026-06-24,7.111015,125.608305,7.0644,125.6086
1947,8,Active,31500.0,Unpaid,2026-09-23,6.998694,125.589733,7.0644,125.6086
1948,3,Active,23500.0,Partial,2026-10-08,7.079791,125.687036,7.0644,125.6086
1949,9,Active,98500.0,Unpaid,2026-08-26,7.026455,125.623744,7.0644,125.6086
1950,6,Active,27000.0,Unpaid,2026-07-30,7.112772,125.602431,7.0644,125.6086
1951,6,Inactive,63000.0,Unpaid,2026-07-10,7.080824,125.624489,7.0644,125.6086
1952,10,Active,98000.0,Partial,2026-10-02,7.05975,125.637763,7.0644,125.6086
1953,7,Active,47500.0,Paid,2026-09-26,7.064056,125.594903,7.0644,125.6086
1954,9,Active,42000.0,Unpaid,2026-07-20,7.055991,125.564513,7.0644,125.6086
1955,7,Active,70500.0,Unpaid,2026-07-01,7.027894,125.558449,7.0644,125.6086
1956,6,Active,0.0,Unpaid,2026-07-19,7.022348,125.560169,7.0644,125.6086
1957,1,Active,20500.0,Partial,2026-08-27,6.99491,125.569844,7.0644,125.6086
1958,7,Active,98500.0,Partial,2026-07-03,7.0644,125.6086,7.0644,125.6086
1959,7,Active,32500.0,Partial,2026-06-28,7.068444,125.593438,7.0644,125.6086
1960,9,Active,99000.0,Unpaid,2026-09-05,7.009901,125.626725,7.0644,125.6086
1961,1,Active,65500.0,Unpaid,2026-06-16,7.057659,125.566902,7.0644,125.6086
1962,4,Active,90000.0,Unpaid,2026-08-28,7.059788,125.654991,7.0644,125.6086
1963,1,Active,47500.0,Partial,2026-07-14,7.078876,125.62862,7.0644,125.6086
1964,10,Active,2000.0,Unpaid,2026-07-14,7.091306,125.524787,7.0644,125.6086
1965,3,Active,14500.0,Unpaid,2026-06-16,7.030584,125.596527,7.0644,125.6086
1966,10,Active,8500.0,Unpaid,2026-09-19,6.998792,125.592891,7.0644,125.6086
1967,4,Active,29000.0,Partial,2026-09-12,7.052535,125.611248,7.0644,125.6086
1968,10,Active,69500.0,Unpaid,2026-06-24,7.049057,125.587205,7.0644,125.6086
1969,7,Inactive,71500.0,Partial,2026-07-12,7.103132,125.592481,7.0644,125.6086
1970,1,Active,41000.0,Partial,2026-07-06,7.117341,125.624653,7.0644,125.6086
1971,3,Active,23500.0,Partial,2026-10-02,7.015394,125.608714,7.0644,125.6086
1972,3,Active,70000.0,Paid,2026-08-15,7.042983,125.646939,7.0644,125.6086
1973,7,Active,49500.0,Unpaid,2026-09-18,7.069016,125.603834,7.0644,125.6086
1974,8,Active,70000.0,Unpaid,2026-07-05,7.047387,125.599456,7.0644,125.6086
1975,6,Active,45000.0,Unpaid,2026-07-24,7.096925,125.628211,7.0644,125.6086
1976,9,Active,32000.0,Partial,2026-07-18,7.069831,125.614454,7.0644,125.6086
1977,8,Inactive,14000.0,Unpaid,2026-07-18,7.065909,125.625881,7.0644,125.6086
1978,2,Active,98000.0,Unpaid,2026-10-12,7.088096,125.537404,7.0644,125.6086
1979,10,Active,95000.0,Partial,2026-10-11,7.080447,125.587626,7.0644,125.6086
1980,2,Active,86000.0,Partial,2026-07-02,7.017104,125.654706,7.0644,125.6086
1981,10,Active,85000.0,Paid,2026-06-28,7.001844,125.653754,7.0644,125.6086
1982,2,Active,62500.0,Paid,2026-08-19,7.062206,125.615206,7.0644,125.6086
1983,1,Active,20000.0,Paid,2026-07-30,7.061064,125.601584,7.0644,125.6086
1984,2,Inactive,6000.0,Partial,2026-06-28,7.065452,125.598646,7.0644,125.6086
1985,10,Active,46000.0,Paid,2026-09-10,7.058765,125.664775,7.0644,125.6086
1986,6,Active,0.0,Partial,2026-07-22,7.043814,125.644322,7.0644,125.6086
1987,4,Active,25500.0,Unpaid,2026-08-06,7.036952,125.57999,7.0644,125.6086
1988,7,Inactive,100000.0,Partial,2026-09-06,7.066132,125.624723,7.0644,125.6086
1989,1,Inactive,19000.0,Unpaid,2026-09-09,7.004749,125.598284,7.0644,125.6086
1990,2,Active,0.0,Unpaid,2026-09-20,7.028972,125.578545,7.0644,125.6086
1991,1,Active,98000.0,Unpaid,2026-07-19,7.040158,125.599248,7.0644,125.6086
1992,9,Inactive,62500.0,Unpaid,2026-06-11,7.05408,125.512756,7.0644,125.6086
1993,5,Inactive,30000.0,Unpaid,2026-09-01,7.101002,125.572053,7.0644,125.6086
1994,7,Active,47500.0,Paid,2026-09-01,7.046963,125.590559,7.0644,125.6086
1995,7,Active,49500.0,Unpaid,2026-09-24,7.050663,125.612701,7.0644,125.6086
1996,2,Active,92500.0,Paid,2026-06-08,7.053123,125.601031,7.0644,125.6086
1997,4,Active,61000.0,Partial,2026-07-14,7.05703,125.578785,7.0644,125.6086
1998,2,Active,94500.0,Unpaid,2026-10-01,7.070577,125.602228,7.0644,125.6086
1999,10,Active,76500.0,Unpaid,2026-08-06,7.035862,125.592568,7.0644,125.6086
2000,3,Active,72000.0,Unpaid,2026-06-22,7.086148,125.605227,7.0644,125.6086
